ibgeCode,>2ppb,=2ppb,1ppb<x<2ppb,=1ppb,0.1ppb<x<1ppb,=0.1ppb,0ppb<x<0.1ppb,=0ppb,all Detections,all Measurements,Population,UF,name
120020,1,0,2,0,0,0,0,0,1,1,82622,AC,Cruzeiro do Sul
120033,1,0,1,0,0,0,0,0,1,1,17910,AC,Mâncio Lima
120038,1,0,1,0,0,0,0,0,1,1,18510,AC,Plácido de Castro
120042,1,0,0,0,0,0,0,0,1,1,17945,AC,Rodrigues Alves
130030,1,0,0,0,0,0,0,0,1,1,38454,AM,Autazes
130165,1,0,0,0,0,0,0,0,1,1,16339,AM,Guajará
130185,1,0,0,0,0,0,0,0,1,1,47407,AM,Iranduba
130190,1,0,0,0,0,0,0,0,1,1,99854,AM,Itacoatiara
130260,1,0,0,0,0,0,0,0,1,1,2130264,AM,Manaus
130320,1,0,0,0,0,0,0,0,1,1,18586,AM,Novo Airão
130380,1,0,0,0,0,0,0,0,1,1,44553,AM,São Gabriel da Cachoeira
140002,1,0,2,0,0,0,0,0,1,1,11560,RR,Amajari
140005,1,0,0,0,0,0,0,0,1,1,15933,RR,Alto Alegre
140010,1,0,1,0,0,0,0,0,1,1,332020,RR,Boa Vista
140015,1,0,3,0,0,0,0,0,1,1,11945,RR,Bonfim
140017,1,0,0,0,0,0,0,0,1,1,16877,RR,Cantá
140020,1,0,3,0,0,0,0,0,1,1,20807,RR,Caracaraí
140023,1,0,1,0,0,0,0,0,1,1,9493,RR,Caroebe
140028,1,0,2,0,0,0,0,0,1,1,10859,RR,Iracema
140040,1,0,3,0,0,0,0,0,1,1,10527,RR,Normandia
140045,1,0,2,0,0,0,0,0,1,1,12375,RR,Pacaraima
140047,1,0,2,0,0,0,0,0,1,1,28215,RR,Rorainópolis
140050,1,0,1,0,0,0,0,0,1,1,7740,RR,São João da Baliza
140060,1,0,1,0,0,0,0,0,1,1,7597,RR,São Luiz
140070,1,0,0,0,0,0,0,0,1,1,9836,RR,Uiramutã
150080,1,0,0,0,0,0,0,0,1,1,516057,PA,Ananindeua
150140,1,0,0,0,0,0,0,0,1,1,1452275,PA,Belém
150150,1,0,0,0,0,0,0,0,1,1,60990,PA,Benevides
150442,1,0,0,0,0,0,0,0,1,1,127858,PA,Marituba
150635,1,0,1,0,0,0,0,0,1,1,20492,PA,Santa Bárbara do Pará
150670,1,0,0,0,0,0,0,0,1,1,70764,PA,Santana do Araguaia
150700,1,0,0,0,0,0,0,0,1,1,30611,PA,Santo Antônio do Tauá
150803,1,0,0,0,0,0,0,0,1,1,30108,PA,Tracuateua
150812,1,0,0,0,0,0,0,0,1,1,57525,PA,Ulianópolis
170070,1,0,0,0,0,0,0,0,1,1,8516,TO,Alvorada
170200,1,0,0,0,0,0,0,0,1,1,8692,TO,Araguaçu
170210,1,0,0,0,0,0,0,0,1,1,175960,TO,Araguaína
170310,1,0,0,0,0,0,0,0,1,1,5643,TO,Barrolândia
170384,1,0,0,0,0,0,0,0,1,1,9795,TO,Campos Lindos
170610,1,0,0,0,0,0,0,0,1,1,7374,TO,Cristalândia
170700,1,0,0,0,0,0,0,0,1,1,21738,TO,Dianópolis
170765,1,0,0,0,0,0,0,0,1,1,5352,TO,Figueirópolis
170820,1,0,0,0,0,0,0,0,1,1,18684,TO,Formoso do Araguaia
170900,1,0,0,0,0,0,0,0,1,1,12973,TO,Goiatins
170950,1,0,0,0,0,0,0,0,1,1,85523,TO,Gurupi
171190,1,0,0,0,0,0,0,0,1,1,12808,TO,Lagoa da Confusão
171320,1,0,0,0,0,0,0,0,1,1,19055,TO,Miracema do Tocantins
171330,1,0,0,0,0,0,0,0,1,1,13426,TO,Miranorte
171360,1,0,0,0,0,0,0,0,1,1,7770,TO,Monte do Carmo
171420,1,0,0,0,0,0,0,0,1,1,9312,TO,Natividade
171515,1,0,0,0,0,0,0,0,1,1,2353,TO,Novo Alegre
171610,1,0,0,0,0,0,0,0,1,1,50360,TO,Paraíso do Tocantins
171650,1,0,0,0,0,0,0,0,1,1,13288,TO,Pedro Afonso
171660,1,0,0,0,0,0,0,0,1,1,11591,TO,Peixe
171670,1,0,0,0,0,0,0,0,1,1,8409,TO,Colméia
171820,1,0,0,0,0,0,0,0,1,1,52828,TO,Porto Nacional
171875,1,0,0,0,0,0,0,0,1,1,6512,TO,Rio Sono
172065,1,0,0,0,0,0,0,0,1,1,5399,TO,Silvanópolis
172100,1,0,0,0,0,0,0,0,1,1,286787,TO,Palmas
172110,1,0,0,0,0,0,0,0,1,1,7460,TO,Tocantínia
210005,1,0,0,0,0,0,0,0,1,1,111339,MA,Açailândia
210087,1,0,0,0,0,0,0,0,1,1,15332,MA,Araguanã
210100,1,0,0,0,0,0,0,0,1,1,29388,MA,Arari
210125,1,0,0,0,0,0,0,0,1,1,17053,MA,Bacabeira
210140,1,0,0,0,0,0,0,0,1,1,94779,MA,Balsas
210160,1,0,0,0,0,0,0,0,1,1,87135,MA,Barra do Corda
210210,1,0,0,0,0,0,0,0,1,1,36102,MA,Brejo
210240,1,0,0,0,0,0,0,0,1,1,11019,MA,Cajapió
210250,1,0,0,0,0,0,0,0,1,1,19110,MA,Cajari
210280,1,0,0,0,0,0,0,0,1,1,23803,MA,Carolina
210300,1,0,0,0,0,0,0,0,1,1,162657,MA,Caxias
210310,1,0,0,0,0,0,0,0,1,1,10490,MA,Cedral
210317,1,0,0,0,0,0,0,0,1,1,21565,MA,Centro Novo do Maranhão
210320,1,0,0,0,0,0,0,0,1,1,78965,MA,Chapadinha
210340,1,0,0,0,0,0,0,0,1,1,48756,MA,Coelho Neto
210380,1,0,0,0,0,0,0,0,1,1,22912,MA,Dom Pedro
210390,1,0,0,0,0,0,0,0,1,1,11208,MA,Duque Bacelar
210409,1,0,0,0,0,0,0,0,1,1,18997,MA,Formosa da Serra Negra
210450,1,0,0,0,0,0,0,0,1,1,10700,MA,Governador Archer
210500,1,0,0,0,0,0,0,0,1,1,28509,MA,Humberto de Campos
210530,1,0,0,0,0,0,0,0,1,1,254569,MA,Imperatriz
210540,1,0,0,0,0,0,0,0,1,1,67726,MA,Itapecuru Mirim
210660,1,0,0,0,0,0,0,0,1,1,33374,MA,Matões
210690,1,0,0,0,0,0,0,0,1,1,33156,MA,Monção
210770,1,0,0,0,0,0,0,0,1,1,21116,MA,Paraibano
210800,1,0,0,0,0,0,0,0,1,1,19271,MA,Pastos Bons
210820,1,0,0,0,0,0,0,0,1,1,38365,MA,Pedreiras
210900,1,0,0,0,0,0,0,0,1,1,23760,MA,Porto Franco
210910,1,0,0,0,0,0,0,0,1,1,47239,MA,Presidente Dutra
210940,1,0,0,0,0,0,0,0,1,1,15207,MA,Primeira Cruz
210950,1,0,0,0,0,0,0,0,1,1,19701,MA,Riachão
211050,1,0,0,0,0,0,0,0,1,1,46039,MA,São Bento
211065,1,0,0,0,0,0,0,0,1,1,7291,MA,São Domingos do Azeitão
211070,1,0,0,0,0,0,0,0,1,1,33691,MA,São Domingos do Maranhão
211130,1,0,0,0,0,0,0,0,1,1,1091868,MA,São Luís
211153,1,0,0,0,0,0,0,0,1,1,12511,MA,São Pedro da Água Branca
211160,1,0,0,0,0,0,0,0,1,1,18680,MA,São Raimundo das Mangabeiras
211174,1,0,0,0,0,0,0,0,1,1,11042,MA,Senador Alexandre Costa
211240,1,0,0,0,0,0,0,0,1,1,35063,MA,Turiaçu
211270,1,0,0,0,0,0,0,0,1,1,56511,MA,Vargem Grande
211400,1,0,0,0,0,0,0,0,1,1,51084,MA,Zé Doca
220020,1,0,0,0,0,0,0,0,1,1,17119,PI,Água Branca
220115,1,0,0,0,0,0,0,0,1,1,11375,PI,Baixa Grande do Ribeiro
220190,1,0,3,0,0,0,0,0,1,1,24711,PI,Bom Jesus
220200,1,0,2,0,0,0,0,0,1,1,19464,PI,Buriti dos Lopes
220208,1,0,0,0,0,0,0,0,1,1,7510,PI,Cajueiro da Praia
220217,1,0,4,0,0,0,0,0,1,1,7154,PI,Campo Largo do Piauí
220230,1,0,2,0,0,0,0,0,1,1,20831,PI,Canto do Buriti
220255,1,0,3,0,0,0,0,0,1,1,4982,PI,Caridade do Piauí
220285,1,0,3,0,0,0,0,0,1,1,4608,PI,Coronel José Dias
220290,1,0,3,0,0,0,0,0,1,1,26205,PI,Corrente
220310,1,0,3,0,0,0,0,0,1,1,10253,PI,Cristino Castro
220327,1,0,3,0,0,0,0,0,1,1,5251,PI,Curral Novo do Piauí
220335,1,0,3,0,0,0,0,0,1,1,6896,PI,Dirceu Arcoverde
220390,1,0,4,0,0,0,0,0,1,1,58969,PI,Floriano
220415,1,0,3,0,0,0,0,0,1,1,3128,PI,Francisco Macedo
220430,1,0,3,0,0,0,0,0,1,1,11432,PI,Fronteiras
220450,1,0,1,0,0,0,0,0,1,1,10335,PI,Guadalupe
220465,1,0,2,0,0,0,0,0,1,1,9268,PI,Ilha Grande
220500,1,0,0,0,0,0,0,0,1,1,11343,PI,Itainópolis
220510,1,0,4,0,0,0,0,0,1,1,10845,PI,Itaueira
220520,1,0,4,0,0,0,0,0,1,1,18782,PI,Jaicós
220530,1,0,4,0,0,0,0,0,1,1,4384,PI,Jerumenha
220550,1,0,3,0,0,0,0,0,1,1,38550,PI,José de Freitas
220555,1,0,2,0,0,0,0,0,1,1,8395,PI,Lagoa Alegre
220556,1,0,0,0,0,0,0,0,1,1,4582,PI,Lagoa do Barro do Piauí
220570,1,0,2,0,0,0,0,0,1,1,29792,PI,Luís Correia
220620,1,0,3,0,0,0,0,0,1,1,33209,PI,Miguel Alves
220670,1,0,1,0,0,0,0,0,1,1,7231,PI,Nazaré do Piauí
220720,1,0,3,0,0,0,0,0,1,1,6758,PI,Padre Marcos
220777,1,0,4,0,0,0,0,0,1,1,6288,PI,Patos do Piauí
220780,1,0,8,0,0,0,0,0,1,1,20192,PI,Paulistana
220800,1,0,0,0,0,0,0,0,1,1,76928,PI,Picos
220840,1,0,4,0,0,0,0,0,1,1,62733,PI,Piripiri
220890,1,0,1,0,0,0,0,0,1,1,7214,PI,Ribeiro Gonçalves
220975,1,0,3,0,0,0,0,0,1,1,2988,PI,São Gonçalo do Gurguéia
220987,1,0,4,0,0,0,0,0,1,1,5938,PI,São João da Fronteira
221000,1,0,2,0,0,0,0,0,1,1,20258,PI,São João do Piauí
221030,1,0,3,0,0,0,0,0,1,1,6261,PI,São Julião
221035,1,0,3,0,0,0,0,0,1,1,4501,PI,São Lourenço do Piauí
221060,1,0,8,0,0,0,0,0,1,1,34109,PI,São Raimundo Nonato
221100,1,0,0,0,0,0,0,0,1,1,850198,PI,Teresina
221110,1,0,2,0,0,0,0,0,1,1,43761,PI,União
221120,1,0,1,0,0,0,0,0,1,1,21188,PI,Uruçuí
230010,1,0,0,0,0,0,0,0,1,1,11605,CE,Abaiara
230015,1,0,0,0,0,0,0,0,1,1,16543,CE,Acarape
230020,1,0,0,0,0,0,0,0,1,1,62199,CE,Acaraú
230030,1,0,0,0,0,0,0,0,1,1,53572,CE,Acopiara
230040,1,0,0,0,0,0,0,0,1,1,17194,CE,Aiuaba
230050,1,0,0,0,0,0,0,0,1,1,11459,CE,Alcântaras
230060,1,0,0,0,0,0,0,0,1,1,7479,CE,Altaneira
230070,1,0,0,0,0,0,0,0,1,1,16976,CE,Alto Santo
230075,1,0,0,0,0,0,0,0,1,1,42901,CE,Amontada
230080,1,0,0,0,0,0,0,0,1,1,7278,CE,Antonina do Norte
230090,1,0,0,0,0,0,0,0,1,1,14719,CE,Apuiarés
230100,1,0,0,0,0,0,0,0,1,1,79128,CE,Aquiraz
230110,1,0,0,0,0,0,0,0,1,1,73629,CE,Aracati
230120,1,0,0,0,0,0,0,0,1,1,26269,CE,Aracoiaba
230125,1,0,0,0,0,0,0,0,1,1,10823,CE,Ararendá
230130,1,0,0,0,0,0,0,0,1,1,21398,CE,Araripe
230140,1,0,0,0,0,0,0,0,1,1,11244,CE,Aratuba
230150,1,0,0,0,0,0,0,0,1,1,7777,CE,Arneiroz
230160,1,0,0,0,0,0,0,0,1,1,23254,CE,Assaré
230170,1,0,0,0,0,0,0,0,1,1,24496,CE,Aurora
230180,1,0,0,0,0,0,0,0,1,1,6228,CE,Baixio
230185,1,0,0,0,0,0,0,0,1,1,18027,CE,Banabuiú
230190,1,0,0,0,0,0,0,0,1,1,59811,CE,Barbalha
230195,1,0,0,0,0,0,0,0,1,1,20978,CE,Barreira
230200,1,0,0,0,0,0,0,0,1,1,22440,CE,Barro
230205,1,0,0,0,0,0,0,0,1,1,14880,CE,Barroquinha
230210,1,0,0,0,0,0,0,0,1,1,35351,CE,Baturité
230220,1,0,0,0,0,0,0,0,1,1,53110,CE,Beberibe
230230,1,0,0,0,0,0,0,0,1,1,32378,CE,Bela Cruz
230240,1,0,0,0,0,0,0,0,1,1,54049,CE,Boa Viagem
230250,1,0,0,0,0,0,0,0,1,1,48830,CE,Brejo Santo
230260,1,0,0,0,0,0,0,0,1,1,62985,CE,Camocim
230270,1,0,0,0,0,0,0,0,1,1,27209,CE,Campos Sales
230280,1,0,0,0,0,0,0,0,1,1,77514,CE,Canindé
230290,1,0,0,0,0,0,0,0,1,1,17668,CE,Capistrano
230300,1,0,0,0,0,0,0,0,1,1,22320,CE,Caridade
230310,1,0,0,0,0,0,0,0,1,1,18660,CE,Cariré
230320,1,0,0,0,0,0,0,0,1,1,26892,CE,Caririaçu
230330,1,0,0,0,0,0,0,0,1,1,18804,CE,Cariús
230340,1,0,0,0,0,0,0,0,1,1,17631,CE,Carnaubal
230350,1,0,0,0,0,0,0,0,1,1,71079,CE,Cascavel
230360,1,0,0,0,0,0,0,0,1,1,20451,CE,Catarina
230365,1,0,0,0,0,0,0,0,1,1,10365,CE,Catunda
230370,1,0,0,0,0,0,0,0,1,1,362223,CE,Caucaia
230380,1,0,0,0,0,0,0,0,1,1,25063,CE,Cedro
230390,1,0,0,0,0,0,0,0,1,1,12952,CE,Chaval
230393,1,0,0,0,0,0,0,0,1,1,13384,CE,Choró
230395,1,0,0,0,0,0,0,0,1,1,19197,CE,Chorozinho
230400,1,0,0,0,0,0,0,0,1,1,23107,CE,Coreaú
230410,1,0,0,0,0,0,0,0,1,1,74426,CE,Crateús
230420,1,0,0,0,0,0,0,0,1,1,130604,CE,Crato
230423,1,0,0,0,0,0,0,0,1,1,17874,CE,Croatá
230425,1,0,0,0,0,0,0,0,1,1,23983,CE,Cruz
230426,1,0,0,0,0,0,0,0,1,1,9521,CE,Deputado Irapuan Pinheiro
230427,1,0,0,0,0,0,0,0,1,1,7163,CE,Ererê
230428,1,0,0,0,0,0,0,0,1,1,52667,CE,Eusébio
230430,1,0,0,0,0,0,0,0,1,1,18720,CE,Farias Brito
230435,1,0,0,0,0,0,0,0,1,1,24047,CE,Forquilha
230440,1,0,0,0,0,0,0,0,1,1,2627482,CE,Fortaleza
230445,1,0,0,0,0,0,0,0,1,1,16272,CE,Fortim
230450,1,0,0,0,0,0,0,0,1,1,13669,CE,Frecheirinha
230460,1,0,0,0,0,0,0,0,1,1,6922,CE,General Sampaio
230465,1,0,0,0,0,0,0,0,1,1,15307,CE,Graça
230470,1,0,0,0,0,0,0,0,1,1,54365,CE,Granja
230480,1,0,0,0,0,0,0,0,1,1,4425,CE,Granjeiro
230490,1,0,0,0,0,0,0,0,1,1,11012,CE,Groaíras
230495,1,0,0,0,0,0,0,0,1,1,26331,CE,Guaiúba
230500,1,0,0,0,0,0,0,0,1,1,39445,CE,Guaraciaba do Norte
230510,1,0,0,0,0,0,0,0,1,1,3547,CE,Guaramiranga
230520,1,0,0,0,0,0,0,0,1,1,20215,CE,Hidrolândia
230523,1,0,0,0,0,0,0,0,1,1,65928,CE,Horizonte
230526,1,0,0,0,0,0,0,0,1,1,13218,CE,Ibaretama
230530,1,0,0,0,0,0,0,0,1,1,24825,CE,Ibiapina
230533,1,0,0,0,0,0,0,0,1,1,12350,CE,Ibicuitinga
230535,1,0,0,0,0,0,0,0,1,1,19685,CE,Icapuí
230540,1,0,0,0,0,0,0,0,1,1,67486,CE,Icó
230550,1,0,0,0,0,0,0,0,1,1,102614,CE,Iguatu
230560,1,0,0,0,0,0,0,0,1,1,25967,CE,Independência
230565,1,0,0,0,0,0,0,0,1,1,11499,CE,Ipaporanga
230570,1,0,0,0,0,0,0,0,1,1,12349,CE,Ipaumirim
230580,1,0,0,0,0,0,0,0,1,1,41576,CE,Ipu
230590,1,0,0,0,0,0,0,0,1,1,37896,CE,Ipueiras
230600,1,0,0,0,0,0,0,0,1,1,14125,CE,Iracema
230610,1,0,0,0,0,0,0,0,1,1,23858,CE,Irauçuba
230620,1,0,0,0,0,0,0,0,1,1,7738,CE,Itaiçaba
230625,1,0,0,0,0,0,0,0,1,1,39310,CE,Itaitinga
230630,1,0,0,0,0,0,0,0,1,1,51945,CE,Itapajé
230640,1,0,0,0,0,0,0,0,1,1,127465,CE,Itapipoca
230650,1,0,0,0,0,0,0,0,1,1,20014,CE,Itapiúna
230655,1,0,0,0,0,0,0,0,1,1,41230,CE,Itarema
230660,1,0,0,0,0,0,0,0,1,1,20675,CE,Itatira
230670,1,0,0,0,0,0,0,0,1,1,17958,CE,Jaguaretama
230680,1,0,0,0,0,0,0,0,1,1,11295,CE,Jaguaribara
230690,1,0,0,0,0,0,0,0,1,1,34448,CE,Jaguaribe
230700,1,0,0,0,0,0,0,0,1,1,33740,CE,Jaguaruana
230710,1,0,0,0,0,0,0,0,1,1,27076,CE,Jardim
230720,1,0,0,0,0,0,0,0,1,1,7847,CE,Jati
230725,1,0,0,0,0,0,0,0,1,1,19510,CE,Jijoca de Jericoacoara
230730,1,0,0,0,0,0,0,0,1,1,270383,CE,Juazeiro do Norte
230740,1,0,0,0,0,0,0,0,1,1,24597,CE,Jucás
230750,1,0,0,0,0,0,0,0,1,1,31335,CE,Lavras da Mangabeira
230760,1,0,0,0,0,0,0,0,1,1,58915,CE,Limoeiro do Norte
230763,1,0,0,0,0,0,0,0,1,1,19800,CE,Madalena
230765,1,0,0,0,0,0,0,0,1,1,224804,CE,Maracanaú
230770,1,0,0,0,0,0,0,0,1,1,126486,CE,Maranguape
230780,1,0,0,0,0,0,0,0,1,1,26981,CE,Marco
230790,1,0,0,0,0,0,0,0,1,1,11082,CE,Martinópole
230800,1,0,0,0,0,0,0,0,1,1,38210,CE,Massapê
230810,1,0,0,0,0,0,0,0,1,1,46548,CE,Mauriti
230820,1,0,0,0,0,0,0,0,1,1,14948,CE,Meruoca
230830,1,0,0,0,0,0,0,0,1,1,28231,CE,Milagres
230835,1,0,0,0,0,0,0,0,1,1,13136,CE,Milhã
230837,1,0,0,0,0,0,0,0,1,1,13583,CE,Miraíma
230840,1,0,0,0,0,0,0,0,1,1,35409,CE,Missão Velha
230850,1,0,0,0,0,0,0,0,1,1,43735,CE,Mombaça
230860,1,0,0,0,0,0,0,0,1,1,17038,CE,Monsenhor Tabosa
230870,1,0,0,0,0,0,0,0,1,1,61548,CE,Morada Nova
230880,1,0,0,0,0,0,0,0,1,1,8636,CE,Moraújo
230890,1,0,0,0,0,0,0,0,1,1,22222,CE,Morrinhos
230900,1,0,0,0,0,0,0,0,1,1,14377,CE,Mucambo
230910,1,0,0,0,0,0,0,0,1,1,12831,CE,Mulungu
230920,1,0,0,0,0,0,0,0,1,1,15433,CE,Nova Olinda
230930,1,0,0,0,0,0,0,0,1,1,32035,CE,Nova Russas
230940,1,0,0,0,0,0,0,0,1,1,28353,CE,Novo Oriente
230945,1,0,0,0,0,0,0,0,1,1,25394,CE,Ocara
230950,1,0,0,0,0,0,0,0,1,1,21292,CE,Orós
230960,1,0,0,0,0,0,0,0,1,1,70911,CE,Pacajus
230970,1,0,0,0,0,0,0,0,1,1,82824,CE,Pacatuba
230980,1,0,0,0,0,0,0,0,1,1,11960,CE,Pacoti
230990,1,0,0,0,0,0,0,0,1,1,6202,CE,Pacujá
231000,1,0,0,0,0,0,0,0,1,1,9285,CE,Palhano
231010,1,0,0,0,0,0,0,0,1,1,13145,CE,Palmácia
231020,1,0,0,0,0,0,0,0,1,1,33894,CE,Paracuru
231025,1,0,0,0,0,0,0,0,1,1,32515,CE,Paraipaba
231030,1,0,0,0,0,0,0,0,1,1,31137,CE,Parambu
231040,1,0,0,0,0,0,0,0,1,1,11578,CE,Paramoti
231050,1,0,0,0,0,0,0,0,1,1,42841,CE,Pedra Branca
231060,1,0,0,0,0,0,0,0,1,1,8956,CE,Penaforte
231070,1,0,0,0,0,0,0,0,1,1,37077,CE,Pentecoste
231080,1,0,0,0,0,0,0,0,1,1,16163,CE,Pereiro
231085,1,0,0,0,0,0,0,0,1,1,20644,CE,Pindoretama
231090,1,0,0,0,0,0,0,0,1,1,16731,CE,Piquet Carneiro
231095,1,0,0,0,0,0,0,0,1,1,10784,CE,Pires Ferreira
231100,1,0,0,0,0,0,0,0,1,1,12243,CE,Poranga
231110,1,0,0,0,0,0,0,0,1,1,14921,CE,Porteiras
231120,1,0,0,0,0,0,0,0,1,1,10918,CE,Potengi
231123,1,0,0,0,0,0,0,0,1,1,6356,CE,Potiretama
231126,1,0,0,0,0,0,0,0,1,1,20860,CE,Quiterianópolis
231130,1,0,0,0,0,0,0,0,1,1,86605,CE,Quixadá
231135,1,0,0,0,0,0,0,0,1,1,14860,CE,Quixelô
231140,1,0,0,0,0,0,0,0,1,1,78658,CE,Quixeramobim
231150,1,0,0,0,0,0,0,0,1,1,21876,CE,Quixeré
231160,1,0,0,0,0,0,0,0,1,1,27441,CE,Redenção
231170,1,0,0,0,0,0,0,0,1,1,18769,CE,Reriutaba
231180,1,0,0,0,0,0,0,0,1,1,76475,CE,Russas
231190,1,0,0,0,0,0,0,0,1,1,15678,CE,Saboeiro
231195,1,0,0,0,0,0,0,0,1,1,16331,CE,Salitre
231200,1,0,0,0,0,0,0,0,1,1,32023,CE,Santana do Acaraú
231210,1,0,0,0,0,0,0,0,1,1,17489,CE,Santana do Cariri
231220,1,0,0,0,0,0,0,0,1,1,43360,CE,Santa Quitéria
231230,1,0,0,0,0,0,0,0,1,1,46648,CE,São Benedito
231240,1,0,0,0,0,0,0,0,1,1,48265,CE,São Gonçalo do Amarante
231250,1,0,1,0,0,0,0,0,1,1,7621,CE,São João do Jaguaribe
231260,1,0,0,0,0,0,0,0,1,1,12849,CE,São Luís do Curu
231270,1,0,0,0,0,0,0,0,1,1,26447,CE,Senador Pompeu
231280,1,0,0,0,0,0,0,0,1,1,7513,CE,Senador Sá
231290,1,0,0,0,0,0,0,0,1,1,205529,CE,Sobral
231300,1,0,0,0,0,0,0,0,1,1,18158,CE,Solonópole
231310,1,0,0,0,0,0,0,0,1,1,30489,CE,Tabuleiro do Norte
231320,1,0,0,0,0,0,0,0,1,1,25525,CE,Tamboril
231325,1,0,0,0,0,0,0,0,1,1,8852,CE,Tarrafas
231330,1,0,0,0,0,0,0,0,1,1,58119,CE,Tauá
231335,1,0,0,0,0,0,0,0,1,1,18902,CE,Tejuçuoca
231340,1,0,0,0,0,0,0,0,1,1,74719,CE,Tianguá
231350,1,0,0,0,0,0,0,0,1,1,55207,CE,Trairi
231355,1,0,0,0,0,0,0,0,1,1,15935,CE,Tururu
231360,1,0,0,0,0,0,0,0,1,1,34332,CE,Ubajara
231370,1,0,0,0,0,0,0,0,1,1,7671,CE,Umari
231375,1,0,0,0,0,0,0,0,1,1,19679,CE,Umirim
231380,1,0,0,0,0,0,0,0,1,1,21609,CE,Uruburetama
231390,1,0,0,0,0,0,0,0,1,1,13677,CE,Uruoca
231395,1,0,0,0,0,0,0,0,1,1,18239,CE,Varjota
231400,1,0,0,0,0,0,0,0,1,1,40440,CE,Várzea Alegre
231410,1,0,0,0,0,0,0,0,1,1,60030,CE,Viçosa do Ceará
240010,1,0,0,0,0,0,0,0,1,1,11333,RN,Acari
240120,1,0,0,0,0,0,0,0,1,1,14307,RN,Arês
240140,1,0,0,0,0,0,0,0,1,1,9309,RN,Baía Formosa
240145,1,0,0,0,0,0,0,0,1,1,28085,RN,Baraúna
240165,1,0,0,0,0,0,0,0,1,1,2307,RN,Bodó
240200,1,0,0,0,0,0,0,0,1,1,68222,RN,Caicó
240210,1,0,0,0,0,0,0,0,1,1,11244,RN,Campo Redondo
240220,1,0,0,0,0,0,0,0,1,1,34267,RN,Canguaretama
240300,1,0,0,0,0,0,0,0,1,1,8147,RN,Cruzeta
240310,1,0,0,0,0,0,0,0,1,1,45228,RN,Currais Novos
240325,1,0,0,0,0,0,0,0,1,1,254709,RN,Parnamirim
240360,1,0,0,0,0,0,0,0,1,1,28331,RN,Extremoz
240380,1,0,0,0,0,0,0,0,1,1,9262,RN,Florânia
240420,1,0,0,0,0,0,0,0,1,1,26068,RN,Goianinha
240550,1,0,0,0,0,0,0,0,1,1,2663,RN,Jardim de Angicos
240570,1,0,0,0,0,0,0,0,1,1,12579,RN,Jardim do Seridó
240580,1,0,0,0,0,0,0,0,1,1,35087,RN,João Câmara
240615,1,0,0,0,0,0,0,0,1,1,3910,RN,Jundiá
240650,1,0,0,0,0,0,0,0,1,1,15590,RN,Lagoa Nova
240680,1,0,0,0,0,0,0,0,1,1,4822,RN,Lajes Pintadas
240710,1,0,0,0,0,0,0,0,1,1,80031,RN,Macaíba
240750,1,0,0,0,0,0,0,0,1,1,12223,RN,Maxaranguape
240770,1,0,0,0,0,0,0,0,1,1,11503,RN,Montanhas
240800,1,0,0,0,0,0,0,0,1,1,295619,RN,Mossoró
240810,1,0,0,0,0,0,0,0,1,1,885180,RN,Natal
240820,1,0,0,0,0,0,0,0,1,1,27372,RN,Nísia Floresta
240830,1,0,0,0,0,0,0,0,1,1,37695,RN,Nova Cruz
240880,1,0,0,0,0,0,0,0,1,1,5258,RN,Parazinho
240890,1,0,0,0,0,0,0,0,1,1,21669,RN,Parelhas
240920,1,0,0,0,0,0,0,0,1,1,3109,RN,Passagem
240933,1,0,0,0,0,0,0,0,1,1,5500,RN,Santa Maria
240950,1,0,0,0,0,0,0,0,1,1,3356,RN,Pedra Grande
241010,1,0,0,0,0,0,0,0,1,1,15418,RN,Poço Branco
241040,1,0,0,0,0,0,0,0,1,1,9568,RN,Pureza
241120,1,0,0,0,0,0,0,0,1,1,39667,RN,Santa Cruz
241142,1,0,0,0,0,0,0,0,1,1,2701,RN,Santana do Seridó
241170,1,0,0,0,0,0,0,0,1,1,4425,RN,São Bento do Trairí
241220,1,0,0,0,0,0,0,0,1,1,43995,RN,São José de Mipibu
241260,1,0,0,0,0,0,0,0,1,1,17572,RN,São Paulo do Potengi
241335,1,0,0,0,0,0,0,0,1,1,11838,RN,Serra do Mel
241350,1,0,0,0,0,0,0,0,1,1,6422,RN,Serrinha
241370,1,0,0,0,0,0,0,0,1,1,5528,RN,Sítio Novo
241400,1,0,0,0,0,0,0,0,1,1,15866,RN,Tangará
241415,1,0,0,0,0,0,0,0,1,1,5912,RN,Tenente Laurentino Cruz
241420,1,0,0,0,0,0,0,0,1,1,13895,RN,Tibau do Sul
241480,1,0,0,0,0,0,0,0,1,1,12371,RN,Vera Cruz
250110,1,0,0,0,0,0,0,0,1,1,22776,PB,Areia
250150,1,0,0,0,0,0,0,0,1,1,21156,PB,Bananeiras
250250,1,0,0,0,0,0,0,0,1,1,17842,PB,Boqueirão
250300,1,0,0,0,0,0,0,0,1,1,21872,PB,Caaporã
250450,1,0,0,0,0,0,0,0,1,1,6753,PB,Condado
250460,1,0,0,0,0,0,0,0,1,1,24769,PB,Conde
250480,1,0,0,0,0,0,0,0,1,1,15426,PB,Coremas
250580,1,0,0,0,0,0,0,0,1,1,3594,PB,Duas Estradas
250710,1,0,0,0,0,0,0,0,1,1,18715,PB,Itapororoca
250750,1,0,0,0,0,0,0,0,1,1,811598,PB,João Pessoa
250800,1,0,0,0,0,0,0,0,1,1,9868,PB,Juru
251180,1,0,0,0,0,0,0,0,1,1,10585,PB,Pirpirituba
251370,1,0,0,0,0,0,0,0,1,1,136851,PB,Santa Rita
251400,1,0,0,0,0,0,0,0,1,1,4296,PB,São João do Cariri
251450,1,0,0,0,0,0,0,0,1,1,20163,PB,São José de Piranhas
251530,1,0,0,0,0,0,0,0,1,1,52697,PB,Sapé
251560,1,0,0,0,0,0,0,0,1,1,3121,PB,Serra da Raiz
251593,1,0,0,0,0,0,0,0,1,1,5044,PB,Sertãozinho
260415,1,0,0,0,0,0,0,0,1,1,14274,PE,Casinhas
260450,1,0,0,0,0,0,0,0,1,1,21525,PE,Chã Grande
260720,1,0,0,0,0,0,0,0,1,1,94533,PE,Ipojuca
261130,1,0,0,0,0,0,0,0,1,1,26960,PE,Pombos
261640,1,0,0,0,0,0,0,0,1,1,137578,PE,Vitória de Santo Antão
270030,1,0,0,0,0,0,0,0,1,1,234185,AL,Arapiraca
270200,1,0,0,0,0,0,0,0,1,1,10888,AL,Coité do Nóia
270255,1,0,0,0,0,0,0,0,1,1,18435,AL,Estrela de Alagoas
270280,1,0,0,0,0,0,0,0,1,1,12966,AL,Flexeiras
270430,1,0,0,0,0,0,0,0,1,1,1029129,AL,Maceió
270480,1,0,0,0,0,0,0,0,1,1,13514,AL,Maribondo
270630,1,0,0,0,0,0,0,0,1,1,74208,AL,Palmeira dos Índios
280030,1,0,0,0,0,0,0,0,1,1,650106,SE,Aracaju
280040,1,0,0,0,0,0,0,0,1,1,10362,SE,Arauá
280067,1,0,0,0,0,0,0,0,1,1,26961,SE,Boquim
280130,1,0,0,0,0,0,0,0,1,1,34050,SE,Capela
280290,1,0,0,0,0,0,0,0,1,1,95196,SE,Itabaiana
280320,1,0,0,0,0,0,0,0,1,1,34101,SE,Itaporanga d'Ajuda
280330,1,0,0,0,0,0,0,0,1,1,18656,SE,Japaratuba
280340,1,0,0,0,0,0,0,0,1,1,13238,SE,Japoatã
280350,1,0,0,0,0,0,0,0,1,1,104099,SE,Lagarto
280360,1,0,0,0,0,0,0,0,1,1,29700,SE,Laranjeiras
280440,1,0,0,0,0,0,0,0,1,1,18953,SE,Neópolis
280570,1,0,0,0,0,0,0,0,1,1,29834,SE,Propriá
290250,1,0,1,0,0,0,0,0,1,1,14323,BA,Baianópolis
290290,1,0,1,0,0,0,0,0,1,1,34121,BA,Barra do Choça
290320,1,0,0,0,0,0,0,0,1,1,157638,BA,Barreiras
290682,1,0,0,0,0,0,0,0,1,1,17316,BA,Canudos
291110,1,0,0,0,0,0,0,0,1,1,25912,BA,Formosa do Rio Preto
291220,1,0,1,0,0,0,0,0,1,1,19786,BA,Ibicoara
291760,1,0,1,0,0,0,0,0,1,1,56033,BA,Jaguaquara
291840,1,0,0,0,0,0,0,0,1,1,221773,BA,Juazeiro
291955,1,0,0,0,0,0,0,0,1,1,83557,BA,Luís Eduardo Magalhães
292190,1,0,1,0,0,0,0,0,1,1,9957,BA,Mucugê
292620,1,0,0,0,0,0,0,0,1,1,23313,BA,Riachão das Neves
292870,1,0,0,0,0,0,0,0,1,1,103342,BA,Santo Antônio de Jesus
292890,1,0,0,0,0,0,0,0,1,1,33661,BA,São Desidério
292980,1,0,0,0,0,0,0,0,1,1,13385,BA,Saúde
293020,1,0,0,0,0,0,0,0,1,1,41891,BA,Sento Sé
293330,1,0,1,0,0,0,0,0,1,1,348718,BA,Vitória da Conquista
310060,1,0,0,0,0,0,0,0,1,1,14370,MG,Água Boa
310163,1,0,0,0,0,0,0,0,1,1,6775,MG,Alfredo Vasconcelos
310180,1,0,0,0,0,0,0,0,1,1,7515,MG,Alpercata
310290,1,0,0,0,0,0,0,0,1,1,11608,MG,Antônio Carlos
310450,1,0,0,0,0,0,0,0,1,1,18243,MG,Arinos
310560,1,0,0,0,0,0,0,0,1,1,136689,MG,Barbacena
310570,1,0,0,0,0,0,0,0,1,1,5624,MG,Barra Longa
310620,1,0,0,0,0,0,0,0,1,1,2523794,MG,Belo Horizonte
310630,1,0,0,0,0,0,0,0,1,1,26158,MG,Belo Oriente
310640,1,0,0,0,0,0,0,0,1,1,7841,MG,Belo Vale
310670,1,0,0,0,0,0,0,0,1,1,427146,MG,Betim
310710,1,0,0,0,0,0,0,0,1,1,40530,MG,Boa Esperança
310730,1,0,0,0,0,0,0,0,1,1,50168,MG,Bocaiúva
310900,1,0,0,0,0,0,0,0,1,1,38863,MG,Brumadinho
310910,1,0,0,0,0,0,0,0,1,1,11233,MG,Bueno Brandão
310980,1,0,0,0,0,0,0,0,1,1,2691,MG,Cachoeira Dourada
311000,1,0,0,0,0,0,0,0,1,1,44377,MG,Caeté
311210,1,0,0,0,0,0,0,0,1,1,5489,MG,Caparaó
311320,1,0,0,0,0,0,0,0,1,1,25376,MG,Carandaí
311340,1,0,0,0,0,0,0,0,1,1,91841,MG,Caratinga
311490,1,0,0,0,0,0,0,0,1,1,2309,MG,Casa Grande
311510,1,0,0,0,0,0,0,0,1,1,18057,MG,Cássia
311530,1,0,0,0,0,0,0,0,1,1,75025,MG,Cataguases
311787,1,0,0,0,0,0,0,0,1,1,6608,MG,Confins
311800,1,0,0,0,0,0,0,0,1,1,53843,MG,Congonhas
311940,1,0,0,0,0,0,0,0,1,1,110326,MG,Coronel Fabriciano
312090,1,0,0,0,0,0,0,0,1,1,79878,MG,Curvelo
312410,1,0,0,0,0,0,0,0,1,1,69010,MG,Esmeraldas
312670,1,0,0,0,0,0,0,0,1,1,26428,MG,Francisco Sá
312730,1,0,0,0,0,0,0,0,1,1,7034,MG,Galiléia
312770,1,0,0,0,0,0,0,0,1,1,280901,MG,Governador Valadares
313010,1,0,0,0,0,0,0,0,1,1,41127,MG,Igarapé
313140,1,0,0,0,0,0,0,0,1,1,4285,MG,Ipiaçu
313170,1,0,2,0,0,0,0,0,1,1,119285,MG,Itabira
313190,1,0,0,0,0,0,0,0,1,1,50816,MG,Itabirito
313380,1,0,0,0,0,0,0,0,1,1,92696,MG,Itaúna
313420,1,0,0,0,0,0,0,0,1,1,104526,MG,Ituiutaba
313510,1,0,0,0,0,0,0,0,1,1,71653,MG,Janaúba
313630,1,0,0,0,0,0,0,0,1,1,48751,MG,João Pinheiro
313670,1,0,0,0,0,0,0,0,1,1,563769,MG,Juiz de Fora
313760,1,0,0,0,0,0,0,0,1,1,61752,MG,Lagoa Santa
313840,1,0,0,0,0,0,0,0,1,1,53354,MG,Leopoldina
313890,1,0,0,0,0,0,0,0,1,1,7237,MG,Machacalis
313940,1,0,0,0,0,0,0,0,1,1,88580,MG,Manhuaçu
314000,1,0,0,0,0,0,0,0,1,1,59857,MG,Mariana
314053,1,0,0,0,0,0,0,0,1,1,8172,MG,Martins Soares
314230,1,0,0,0,0,0,0,0,1,1,4957,MG,Moeda
314280,1,0,0,0,0,0,0,0,1,1,21095,MG,Monte Alegre de Minas
314330,1,0,0,0,0,0,0,0,1,1,402027,MG,Montes Claros
314480,1,0,0,0,0,0,0,0,1,1,92178,MG,Nova Lima
314500,1,0,0,0,0,0,0,0,1,1,14934,MG,Nova Ponte
314590,1,0,0,0,0,0,0,0,1,1,38935,MG,Ouro Branco
314610,1,0,0,0,0,0,0,0,1,1,74659,MG,Ouro Preto
314700,1,0,0,0,0,0,0,0,1,1,92386,MG,Paracatu
314710,1,0,0,0,0,0,0,0,1,1,92739,MG,Pará de Minas
314790,1,0,0,0,0,0,0,0,1,1,114458,MG,Passos
314930,1,0,0,0,0,0,0,0,1,1,63837,MG,Pedro Leopoldo
314995,1,0,0,0,0,0,0,0,1,1,7060,MG,Periquito
315200,1,0,0,0,0,0,0,0,1,1,31612,MG,Pompéu
315220,1,0,0,0,0,0,0,0,1,1,38741,MG,Porteirinha
315430,1,0,0,0,0,0,0,0,1,1,17715,MG,Resplendor
315440,1,0,0,0,0,0,0,0,1,1,4861,MG,Ressaquinha
315450,1,0,0,0,0,0,0,0,1,1,9672,MG,Riacho dos Machados
315460,1,0,0,0,0,0,0,0,1,1,328871,MG,Ribeirão das Neves
315670,1,0,0,0,0,0,0,0,1,1,135968,MG,Sabará
315700,1,0,0,0,0,0,0,0,1,1,41678,MG,Salinas
315730,1,0,0,0,0,0,0,0,1,1,4590,MG,Santa Bárbara do Tugúrio
315780,1,0,0,0,0,0,0,0,1,1,218897,MG,Santa Luzia
315870,1,0,0,0,0,0,0,0,1,1,2436,MG,Santana do Garambéu
315900,1,0,0,0,0,0,0,0,1,1,4301,MG,Santana do Riacho
316620,1,0,0,0,0,0,0,0,1,1,10622,MG,Senhora dos Remédios
316860,1,0,2,0,0,0,0,0,1,1,141934,MG,Teófilo Otoni
316870,1,0,0,0,0,0,0,0,1,1,88931,MG,Timóteo
316950,1,0,0,0,0,0,0,0,1,1,6739,MG,Tumiritinga
316990,1,0,0,0,0,0,0,0,1,1,113300,MG,Ubá
317010,1,0,0,0,0,0,0,0,1,1,328272,MG,Uberaba
317040,1,0,0,0,0,0,0,0,1,1,83980,MG,Unaí
317080,1,0,0,0,0,0,0,0,1,1,39128,MG,Várzea da Palma
317130,1,0,0,0,0,0,0,0,1,1,78381,MG,Viçosa
320040,1,0,0,0,0,0,0,0,1,1,28546,ES,Anchieta
320060,1,0,0,0,0,0,0,0,1,1,98393,ES,Aracruz
320260,1,0,0,0,0,0,0,0,1,1,14016,ES,Iconha
320305,1,0,0,0,0,0,0,0,1,1,29642,ES,Jaguaré
320320,1,0,0,0,0,0,0,0,1,1,169048,ES,Linhares
320332,1,0,0,0,0,0,0,0,1,1,38670,ES,Marataízes
320410,1,0,0,0,0,0,0,0,1,1,27130,ES,Pinheiros
320430,1,0,0,0,0,0,0,0,1,1,11742,ES,Presidente Kennedy
320455,1,0,0,0,0,0,0,0,1,1,39928,ES,Santa Maria de Jetibá
320460,1,0,0,0,0,0,0,0,1,1,24025,ES,Santa Teresa
320490,1,0,0,0,0,0,0,0,1,1,128449,ES,São Mateus
320506,1,0,0,0,0,0,0,0,1,1,24575,ES,Venda Nova do Imigrante
330340,1,0,2,0,0,0,0,0,1,1,185381,RJ,Nova Friburgo
330390,1,0,0,0,0,0,0,0,1,1,298235,RJ,Petrópolis
330410,1,0,0,0,0,0,0,0,1,1,18248,RJ,Porciúncula
330500,1,0,0,0,0,0,0,0,1,1,35174,RJ,São João da Barra
330580,1,0,0,0,0,0,0,0,1,1,176060,RJ,Teresópolis
330590,1,0,0,0,0,0,0,0,1,1,10352,RJ,Trajano de Moraes
330615,1,0,0,0,0,0,0,0,1,1,10597,RJ,Varre-Sai
350060,1,0,2,0,0,0,0,0,1,1,3268,SP,Águas de São Pedro
350120,1,0,0,0,0,0,0,0,1,1,3795,SP,Álvares Florence
350930,1,0,0,0,0,0,0,0,1,1,10444,SP,Cajobi
351390,1,0,1,0,0,0,0,0,1,1,11384,SP,Divinolândia
351440,1,0,4,0,0,0,0,0,1,1,46324,SP,Dracena
351630,1,0,0,0,0,0,0,0,1,1,171602,SP,Francisco Morato
351720,1,0,0,0,0,0,0,0,1,1,11869,SP,Guaiçara
351880,1,0,0,0,0,0,0,0,1,1,1349113,SP,Guarulhos
352400,1,0,22,0,0,0,0,0,1,1,57031,SP,Itupeva
352830,1,0,1,0,0,0,0,0,1,1,3185,SP,Magda
352850,1,0,0,0,0,0,0,0,1,1,95601,SP,Mairiporã
352940,1,0,0,0,0,0,0,0,1,1,462005,SP,Mauá
353150,1,0,0,0,0,0,0,0,1,1,19234,SP,Monte Azul Paulista
354700,1,0,2,0,0,0,0,0,1,1,6021,SP,Santa Maria da Serra
355030,1,0,0,0,0,0,0,0,1,1,12106920,SP,São Paulo
355190,1,0,0,0,0,0,0,0,1,1,17115,SP,Severínia
355365,1,0,0,0,0,0,0,0,1,1,2823,SP,Taquaral
410180,1,0,2,0,0,0,0,0,1,1,137452,PR,Araucária
410480,1,0,0,0,0,0,0,0,1,1,319608,PR,Cascavel
410690,1,0,5,0,0,0,0,0,1,1,1908359,PR,Curitiba
410895,1,0,0,0,0,0,0,0,1,1,8619,PR,Guamiranga
411050,1,0,0,0,0,0,0,0,1,1,15139,PR,Ipiranga
411070,1,0,0,0,0,0,0,0,1,1,60425,PR,Irati
411140,1,0,0,0,0,0,0,0,1,1,13797,PR,Ivaí
411390,1,0,0,0,0,0,0,0,1,1,13738,PR,Mallet
411520,1,0,1,0,0,0,0,0,1,1,406693,PR,Maringá
411915,1,0,0,0,0,0,0,0,1,1,129445,PR,Pinhais
412060,1,0,0,0,0,0,0,0,1,1,52125,PR,Prudentópolis
412200,1,0,0,0,0,0,0,0,1,1,15125,PR,Rio Azul
412510,1,0,0,0,0,0,0,0,1,1,14927,PR,São João do Triunfo
412560,1,0,0,0,0,0,0,0,1,1,45398,PR,São Mateus do Sul
420020,1,0,0,0,0,0,0,0,1,1,10581,SC,Agrolândia
420055,1,0,0,0,0,0,0,0,1,1,2387,SC,Águas Frias
420060,1,0,0,0,0,0,0,0,1,1,6298,SC,Águas Mornas
420070,1,0,3,0,0,0,0,0,1,1,9960,SC,Alfredo Wagner
420090,1,0,0,0,0,0,0,0,1,1,4943,SC,Angelina
420120,1,0,0,0,0,0,0,0,1,1,8327,SC,Antônio Carlos
420130,1,0,0,0,0,0,0,0,1,1,35268,SC,Araquari
420140,1,0,0,0,0,0,0,0,1,1,67110,SC,Araranguá
420180,1,0,0,0,0,0,0,0,1,1,3254,SC,Atalanta
420230,1,0,0,0,0,0,0,0,1,1,66558,SC,Biguaçu
420245,1,0,0,0,0,0,0,0,1,1,18623,SC,Bombinhas
420280,1,0,0,0,0,0,0,0,1,1,32648,SC,Braço do Norte
420460,1,0,0,0,0,0,0,0,1,1,211369,SC,Criciúma
420480,1,0,0,0,0,0,0,0,1,1,39566,SC,Curitibanos
420540,1,0,0,0,0,0,0,0,1,1,485838,SC,Florianópolis
420570,1,0,0,0,0,0,0,0,1,1,22082,SC,Garopaba
420590,1,0,0,0,0,0,0,0,1,1,67392,SC,Gaspar
420600,1,0,0,0,0,0,0,0,1,1,14229,SC,Governador Celso Ramos
420620,1,0,0,0,0,0,0,0,1,1,11394,SC,Gravatal
420650,1,0,0,0,0,0,0,0,1,1,42872,SC,Guaramirim
420690,1,0,0,0,0,0,0,0,1,1,18721,SC,Ibirama
420700,1,0,2,0,0,0,0,0,1,1,54845,SC,Içara
420710,1,0,0,0,0,0,0,0,1,1,13857,SC,Ilhota
420820,1,0,0,0,0,0,0,0,1,1,212615,SC,Itajaí
420830,1,0,0,0,0,0,0,0,1,1,61187,SC,Itapema
420850,1,0,0,0,0,0,0,0,1,1,24622,SC,Ituporanga
420880,1,0,0,0,0,0,0,0,1,1,19527,SC,Jaguaruna
420930,1,0,0,0,0,0,0,0,1,1,158508,SC,Lages
420980,1,0,0,0,0,0,0,0,1,1,3140,SC,Leoberto Leal
420990,1,0,0,0,0,0,0,0,1,1,11774,SC,Lontras
421020,1,0,0,0,0,0,0,0,1,1,3429,SC,Major Gercino
421050,1,0,0,0,0,0,0,0,1,1,25076,SC,Maravilha
421060,1,0,0,0,0,0,0,0,1,1,16455,SC,Massaranduba
421080,1,0,0,0,0,0,0,0,1,1,7047,SC,Meleiro
421085,1,0,0,0,0,0,0,0,1,1,2374,SC,Mirim Doce
421100,1,0,0,0,0,0,0,0,1,1,11496,SC,Mondaí
421150,1,0,0,0,0,0,0,0,1,1,14099,SC,Nova Trento
421190,1,0,0,0,0,0,0,0,1,1,164926,SC,Palhoça
421220,1,0,0,0,0,0,0,0,1,1,19015,SC,Papanduva
421230,1,0,0,0,0,0,0,0,1,1,7360,SC,Paulo Lopes
421240,1,0,0,0,0,0,0,0,1,1,4026,SC,Pedras Grandes
421250,1,0,0,0,0,0,0,0,1,1,31025,SC,Penha
421265,1,0,0,0,0,0,0,0,1,1,9980,SC,Pescaria Brava
421270,1,0,0,0,0,0,0,0,1,1,6021,SC,Petrolândia
421280,1,0,0,0,0,0,0,0,1,1,21884,SC,Balneário Piçarras
421290,1,0,0,0,0,0,0,0,1,1,19511,SC,Pinhalzinho
421320,1,0,0,0,0,0,0,0,1,1,32334,SC,Pomerode
421350,1,0,0,0,0,0,0,0,1,1,20294,SC,Porto Belo
421370,1,0,0,0,0,0,0,0,1,1,16957,SC,Pouso Redondo
421410,1,0,0,0,0,0,0,0,1,1,2304,SC,Presidente Nereu
421430,1,0,0,0,0,0,0,0,1,1,2871,SC,Rancho Queimado
421450,1,0,0,0,0,0,0,0,1,1,6043,SC,Rio do Campo
421460,1,0,0,0,0,0,0,0,1,1,7463,SC,Rio do Oeste
421480,1,0,0,0,0,0,0,0,1,1,69188,SC,Rio do Sul
421500,1,0,0,0,0,0,0,0,1,1,42029,SC,Rio Negrinho
421530,1,0,0,0,0,0,0,0,1,1,7634,SC,Salete
421545,1,0,0,0,0,0,0,0,1,1,12233,SC,Sangão
421560,1,0,0,0,0,0,0,0,1,1,2139,SC,Santa Rosa de Lima
421567,1,0,0,0,0,0,0,0,1,1,8846,SC,Santa Terezinha
421569,1,0,2,0,0,0,0,0,1,1,1317,SC,Santiago do Sul
421570,1,0,0,0,0,0,0,0,1,1,22609,SC,Santo Amaro da Imperatriz
421620,1,0,0,0,0,0,0,0,1,1,50701,SC,São Francisco do Sul
421650,1,0,0,0,0,0,0,0,1,1,26646,SC,São Joaquim
421660,1,0,0,0,0,0,0,0,1,1,239718,SC,São José
421700,1,0,0,0,0,0,0,0,1,1,12934,SC,São Ludgero
421710,1,0,0,0,0,0,0,0,1,1,3210,SC,São Martinho
421770,1,0,0,0,0,0,0,0,1,1,29710,SC,Sombrio
421780,1,0,0,0,0,0,0,0,1,1,18261,SC,Taió
421860,1,0,0,0,0,0,0,0,1,1,7211,SC,Trombudo Central
421920,1,0,0,0,0,0,0,0,1,1,6356,SC,Vidal Ramos
421950,1,0,0,0,0,0,0,0,1,1,49738,SC,Xanxerê
430010,1,0,0,0,0,0,0,0,1,1,17085,RS,Agudo
430040,1,0,0,0,0,0,0,0,1,1,78003,RS,Alegrete
430045,1,0,0,0,0,0,0,0,1,1,4037,RS,Alegria
430055,1,0,0,0,0,0,0,0,1,1,1803,RS,Alto Alegre
430060,1,0,0,0,0,0,0,0,1,1,208177,RS,Alvorada
430087,1,0,0,0,0,0,0,0,1,1,5395,RS,Araricá
430140,1,0,0,0,0,0,0,0,1,1,10614,RS,Arvorezinha
430160,1,0,0,0,0,0,0,0,1,1,122209,RS,Bagé
430205,1,0,0,0,0,0,0,0,1,1,2227,RS,Benjamin Constant do Sul
430222,1,0,0,0,0,0,0,0,1,1,2526,RS,Boa Vista do Cadeado
430350,1,0,0,0,0,0,0,0,1,1,66215,RS,Camaquã
430410,1,0,0,0,0,0,0,0,1,1,3514,RS,Campos Borges
430435,1,0,0,0,0,0,0,0,1,1,9406,RS,Candiota
430450,1,0,1,0,0,0,0,0,1,1,56103,RS,Canguçu
430463,1,0,0,0,0,0,0,0,1,1,48401,RS,Capão da Canoa
430465,1,0,0,0,0,0,0,0,1,1,3449,RS,Capão do Cipó
430535,1,0,0,0,0,0,0,0,1,1,38899,RS,Charqueadas
430537,1,0,0,0,0,0,0,0,1,1,3482,RS,Charrua
430583,1,0,0,0,0,0,0,0,1,1,1559,RS,Coqueiro Baixo
430593,1,0,0,0,0,0,0,0,1,1,1728,RS,Coronel Pilar
430597,1,0,0,0,0,0,0,0,1,1,2876,RS,Coxilha
430613,1,0,0,0,0,0,0,0,1,1,2059,RS,Cruzaltense
430630,1,0,0,0,0,0,0,0,1,1,4844,RS,David Canabarro
430660,1,0,0,0,0,0,0,0,1,1,39822,RS,Dom Pedrito
430670,1,0,0,0,0,0,0,0,1,1,3331,RS,Dona Francisca
430690,1,0,0,0,0,0,0,0,1,1,25872,RS,Encruzilhada do Sul
430700,1,0,0,0,0,0,0,0,1,1,103437,RS,Erechim
430745,1,0,0,0,0,0,0,0,1,1,3204,RS,Esperança do Sul
430750,1,0,0,0,0,0,0,0,1,1,15843,RS,Espumoso
430825,1,0,0,0,0,0,0,0,1,1,1958,RS,Floriano Peixoto
430850,1,0,0,0,0,0,0,0,1,1,30832,RS,Frederico Westphalen
430900,1,0,0,0,0,0,0,0,1,1,17069,RS,Giruá
430920,1,0,0,0,0,0,0,0,1,1,275146,RS,Gravataí
430930,1,0,0,0,0,0,0,0,1,1,99334,RS,Guaíba
430957,1,0,0,0,0,0,0,0,1,1,3070,RS,Herveiras
430960,1,0,0,0,0,0,0,0,1,1,19338,RS,Horizontina
430995,1,0,0,0,0,0,0,0,1,1,4155,RS,Ibirapuitã
431075,1,0,0,0,0,0,0,0,1,1,2104,RS,Ivorá
431100,1,0,0,0,0,0,0,0,1,1,28156,RS,Jaguarão
431120,1,0,0,0,0,0,0,0,1,1,20012,RS,Júlio de Castilhos
431127,1,0,0,0,0,0,0,0,1,1,1650,RS,Lagoa dos Três Cantos
431140,1,0,0,0,0,0,0,0,1,1,79819,RS,Lajeado
431150,1,0,0,0,0,0,0,0,1,1,7807,RS,Lavras do Sul
431173,1,0,0,0,0,0,0,0,1,1,3079,RS,Mampituba
431177,1,0,0,0,0,0,0,0,1,1,7016,RS,Maquiné
431242,1,0,0,0,0,0,0,0,1,1,2986,RS,Mormaço
431261,1,0,0,0,0,0,0,0,1,1,3156,RS,Muitos Capões
431267,1,0,0,0,0,0,0,0,1,1,1752,RS,Nicolau Vergueiro
431310,1,0,0,0,0,0,0,0,1,1,6605,RS,Nova Palma
431320,1,0,0,0,0,0,0,0,1,1,20675,RS,Nova Petrópolis
431340,1,0,0,0,0,0,0,0,1,1,249508,RS,Novo Hamburgo
431365,1,0,0,0,0,0,0,0,1,1,11449,RS,Palmares do Sul
431402,1,0,0,0,0,0,0,0,1,1,7677,RS,Paraíso do Sul
431413,1,0,0,0,0,0,0,0,1,1,2308,RS,Paulo Bento
431430,1,0,0,0,0,0,0,0,1,1,4043,RS,Pejuçara
431447,1,0,0,0,0,0,0,0,1,1,4544,RS,Pinhal Grande
431515,1,0,0,0,0,0,0,0,1,1,6379,RS,Progresso
431530,1,0,0,0,0,0,0,0,1,1,23532,RS,Quaraí
431545,1,0,0,0,0,0,0,0,1,1,2187,RS,Relvado
431560,1,0,0,0,0,0,0,0,1,1,209378,RS,Rio Grande
431570,1,0,0,0,0,0,0,0,1,1,39000,RS,Rio Pardo
431600,1,0,0,0,0,0,0,0,1,1,20920,RS,Rolante
431640,1,0,0,0,0,0,0,0,1,1,40727,RS,Rosário do Sul
431660,1,0,0,0,0,0,0,0,1,1,16237,RS,Sananduva
431690,1,0,0,0,0,0,0,0,1,1,278445,RS,Santa Maria
431695,1,0,0,0,0,0,0,0,1,1,6358,RS,Santa Maria do Herval
431697,1,0,0,0,0,0,0,0,1,1,2519,RS,Santa Margarida do Sul
431710,1,0,0,0,0,0,0,0,1,1,82312,RS,Sant'Ana do Livramento
431720,1,0,0,0,0,0,0,0,1,1,72753,RS,Santa Rosa
431750,1,0,0,0,0,0,0,0,1,1,79101,RS,Santo Ângelo
431770,1,0,0,0,0,0,0,0,1,1,11051,RS,Santo Antônio das Missões
431775,1,0,0,0,0,0,0,0,1,1,2059,RS,Santo Antônio do Planalto
431800,1,0,0,0,0,0,0,0,1,1,62808,RS,São Borja
431843,1,0,0,0,0,0,0,0,1,1,2646,RS,São João do Polêsine
431848,1,0,0,0,0,0,0,0,1,1,4543,RS,São José do Hortêncio
431880,1,0,0,0,0,0,0,0,1,1,44580,RS,São Lourenço do Sul
431900,1,0,0,0,0,0,0,0,1,1,21364,RS,São Marcos
431960,1,0,0,0,0,0,0,0,1,1,24403,RS,São Sepé
431970,1,0,0,0,0,0,0,0,1,1,3581,RS,São Valentim
432050,1,0,0,0,0,0,0,0,1,1,6065,RS,Sertão
432065,1,0,0,0,0,0,0,0,1,1,2481,RS,Silveira Martins
432067,1,0,0,0,0,0,0,0,1,1,10408,RS,Sinimbu
432070,1,0,0,0,0,0,0,0,1,1,15018,RS,Sobradinho
432085,1,0,0,0,0,0,0,0,1,1,4526,RS,Tabaí
432146,1,0,0,0,0,0,0,0,1,1,2946,RS,Tio Hugo
432162,1,0,0,0,0,0,0,0,1,1,2391,RS,Travesseiro
432190,1,0,0,0,0,0,0,0,1,1,24632,RS,Três Passos
432215,1,0,0,0,0,0,0,0,1,1,4604,RS,Tunas
432220,1,0,0,0,0,0,0,0,1,1,23705,RS,Tupanciretã
432240,1,0,0,0,0,0,0,0,1,1,129784,RS,Uruguaiana
432253,1,0,0,0,0,0,0,0,1,1,11727,RS,Vale do Sol
432260,1,0,0,0,0,0,0,0,1,1,70481,RS,Venâncio Aires
432270,1,0,0,0,0,0,0,0,1,1,26024,RS,Vera Cruz
432320,1,0,0,0,0,0,0,0,1,1,3051,RS,Victor Graeff
500020,1,0,1,0,0,0,0,0,1,1,14992,MS,Água Clara
500290,1,0,0,0,0,0,0,0,1,1,21748,MS,Cassilândia
500295,1,0,2,0,0,0,0,0,1,1,23940,MS,Chapadão do Sul
500325,1,0,4,0,0,0,0,0,1,1,20159,MS,Costa Rica
500370,1,0,3,0,0,0,0,0,1,1,218069,MS,Dourados
500660,1,0,0,0,0,0,0,0,1,1,89592,MS,Ponta Porã
500769,1,0,0,0,0,0,0,0,1,1,25898,MS,São Gabriel do Oeste
500780,1,0,5,0,0,0,0,0,1,1,6482,MS,Selvíria
510025,1,0,0,0,0,0,0,0,1,1,50189,MT,Alta Floresta
510040,1,0,0,0,0,0,0,0,1,1,11532,MT,Alto Garças
510170,1,0,0,0,0,0,0,0,1,1,33644,MT,Barra do Bugres
510180,1,0,5,0,0,0,0,0,1,1,58974,MT,Barra do Garças
510250,1,0,0,0,0,0,0,0,1,1,91271,MT,Cáceres
510263,1,0,0,0,0,0,0,0,1,1,33551,MT,Campo Novo do Parecis
510267,1,0,0,0,0,0,0,0,1,1,39933,MT,Campo Verde
510268,1,0,0,0,0,0,0,0,1,1,6512,MT,Campos de Júlio
510270,1,0,0,0,0,0,0,0,1,1,20707,MT,Canarana
510300,1,0,0,0,0,0,0,0,1,1,19049,MT,Chapada dos Guimarães
510330,1,0,0,0,0,0,0,0,1,1,19932,MT,Comodoro
510340,1,0,0,0,0,0,0,0,1,1,590118,MT,Cuiabá
510350,1,0,0,0,0,0,0,0,1,1,21294,MT,Diamantino
510360,1,0,0,0,0,0,0,0,1,1,7977,MT,Dom Aquino
510370,1,0,0,0,0,0,0,0,1,1,13451,MT,Feliz Natal
510420,1,0,0,0,0,0,0,0,1,1,14615,MT,Guiratinga
510480,1,0,0,0,0,0,0,0,1,1,26633,MT,Jaciara
510515,1,0,0,0,0,0,0,0,1,1,39779,MT,Juína
510525,1,0,0,0,0,0,0,0,1,1,61515,MT,Lucas do Rio Verde
510550,1,0,0,0,0,0,0,0,1,1,15534,MT,Vila Bela da Santíssima Trindade
510610,1,0,0,0,0,0,0,0,1,1,12484,MT,Nossa Senhora do Livramento
510621,1,0,0,0,0,0,0,0,1,1,12388,MT,Nova Canaã do Norte
510622,1,0,0,0,0,0,0,0,1,1,42607,MT,Nova Mutum
510623,1,0,0,0,0,0,0,0,1,1,19465,MT,Nova Olímpia
510624,1,0,0,0,0,0,0,0,1,1,11352,MT,Nova Ubiratã
510626,1,0,0,0,0,0,0,0,1,1,8730,MT,Novo Mundo
510630,1,0,0,0,0,0,0,0,1,1,21612,MT,Paranatinga
510637,1,0,0,0,0,0,0,0,1,1,16965,MT,Pedra Preta
510675,1,0,1,0,0,0,0,0,1,1,43832,MT,Pontes e Lacerda
510680,1,0,0,0,0,0,0,0,1,1,5283,MT,Porto dos Gaúchos
510700,1,0,0,0,0,0,0,0,1,1,15985,MT,Poxoréu
510704,1,0,0,0,0,0,0,0,1,1,59293,MT,Primavera do Leste
510706,1,0,0,0,0,0,0,0,1,1,16512,MT,Querência
510719,1,0,0,0,0,0,0,0,1,1,2320,MT,Ribeirãozinho
510724,1,0,0,0,0,0,0,0,1,1,4360,MT,Santa Carmem
510730,1,0,0,0,0,0,0,0,1,1,19728,MT,São José do Rio Claro
510760,1,0,0,0,0,0,0,0,1,1,222316,MT,Rondonópolis
510770,1,0,0,0,0,0,0,0,1,1,16908,MT,Rosário Oeste
510780,1,0,0,0,0,0,0,0,1,1,18392,MT,Santo Antônio do Leverger
510785,1,0,1,0,0,0,0,0,1,1,11290,MT,São Félix do Araguaia
510787,1,0,0,0,0,0,0,0,1,1,24305,MT,Sapezal
510790,1,0,0,0,0,0,0,0,1,1,135874,MT,Sinop
510792,1,0,9,0,0,0,0,0,1,1,85223,MT,Sorriso
510794,1,0,0,0,0,0,0,0,1,1,9309,MT,Tabaporã
510795,1,0,0,0,0,0,0,0,1,1,98828,MT,Tangará da Serra
510800,1,0,5,0,0,0,0,0,1,1,12967,MT,Tapurah
510805,1,0,0,0,0,0,0,0,1,1,9606,MT,Terra Nova do Norte
510840,1,0,0,0,0,0,0,0,1,1,274013,MT,Várzea Grande
520400,1,0,0,0,0,0,0,0,1,1,7935,GO,Cabeceiras
520440,1,0,0,0,0,0,0,0,1,1,18505,GO,Caiapônia
520510,1,0,1,0,0,0,0,0,1,1,102393,GO,Catalão
520547,1,0,0,0,0,0,0,0,1,1,9110,GO,Chapadão do Céu
520725,1,0,0,0,0,0,0,0,1,1,7750,GO,Doverlândia
520753,1,0,0,0,0,0,0,0,1,1,6947,GO,Faina
520910,1,0,0,0,0,0,0,0,1,1,34312,GO,Goiatuba
521010,1,0,0,0,0,0,0,0,1,1,26747,GO,Ipameri
521040,1,0,0,0,0,0,0,0,1,1,40872,GO,Itaberaí
521150,1,0,0,0,0,0,0,0,1,1,102513,GO,Itumbiara
521190,1,0,0,0,0,0,0,0,1,1,98128,GO,Jataí
521250,1,0,0,0,0,0,0,0,1,1,199615,GO,Luziânia
521310,1,0,0,0,0,0,0,0,1,1,62750,GO,Mineiros
521375,1,0,1,0,0,0,0,0,1,1,12566,GO,Montividiu
521380,1,0,0,0,0,0,0,0,1,1,45382,GO,Morrinhos
521486,1,0,0,0,0,0,0,0,1,1,8521,GO,Nova Glória
521640,1,0,0,0,0,0,0,0,1,1,11221,GO,Paraúna
521645,1,0,0,0,0,0,0,0,1,1,3135,GO,Perolândia
521850,1,0,2,0,0,0,0,0,1,1,48508,GO,Quirinópolis
521930,1,0,2,0,0,0,0,0,1,1,38743,GO,Santa Helena de Goiás
522050,1,0,0,0,0,0,0,0,1,1,8323,GO,Serranópolis
530004,1,0,0,0,0,0,0,0,1,1,,,
530006,1,0,0,0,0,0,0,0,1,1,,,
530007,1,0,0,0,0,0,0,0,1,1,,,
530024,1,0,0,0,0,0,0,0,1,1,,,
