"ibgeCode",">2ppb","=2ppb","1ppb<x<2ppb","=1ppb","0.1ppb<x<1ppb","=0.1ppb","0ppb<x<0.1ppb","=0ppb","all Detections","all Measurements","population","stateLettersCode","municipalityName"
110012,0,0,0,0,0,1,0,0,1,1,132667,"RO","Ji-Paraná"
170215,0,0,0,0,0,0,1,0,1,1,5645,"TO","Araguanã"
171670,0,0,0,0,0,0,0,1,1,1,8409,"TO","Colméia"
172093,0,0,1,0,0,0,0,0,1,1,2130,"TO","Taipas do Tocantins"
172210,0,1,0,0,0,0,0,0,1,1,11683,"TO","Xambioá"
230770,0,0,0,0,0,0,0,1,1,1,126486,"CE","Maranguape"
280067,0,0,1,0,0,0,0,0,1,1,26961,"SE","Boquim"
280330,0,0,1,0,0,0,0,0,1,1,18656,"SE","Japaratuba"
280350,0,0,1,0,0,0,0,0,1,1,104099,"SE","Lagarto"
280430,0,0,1,0,0,0,0,0,1,1,7683,"SE","Muribeca"
280440,0,0,1,0,0,0,0,0,1,1,18953,"SE","Neópolis"
280490,0,0,1,0,0,0,0,0,1,1,14420,"SE","Pacatuba"
280550,0,0,1,0,0,0,0,0,1,1,23740,"SE","Poço Verde"
280570,0,0,1,0,0,0,0,0,1,1,29834,"SE","Propriá"
280600,0,0,1,0,0,0,0,0,1,1,18641,"SE","Ribeirópolis"
280610,0,0,1,0,0,0,0,0,1,1,10699,"SE","Rosário do Catete"
280620,0,0,1,0,0,0,0,0,1,1,20168,"SE","Salgado"
280650,0,0,1,0,0,0,0,0,1,1,3938,"SE","Santa Rosa de Lima"
280720,0,0,1,0,0,0,0,0,1,1,8851,"SE","Siriri"
290020,0,1,0,0,0,0,0,0,1,1,20189,"BA","Abaré"
290040,0,1,0,0,0,0,0,0,1,1,17508,"BA","Água Fria"
290060,0,1,0,0,0,0,0,0,1,1,4725,"BA","Aiquara"
290080,0,1,0,0,0,0,0,0,1,1,23376,"BA","Alcobaça"
290090,0,1,0,0,0,0,0,0,1,1,5985,"BA","Almadina"
290100,0,1,0,0,0,0,0,0,1,1,38259,"BA","Amargosa"
290110,0,1,0,0,0,0,0,0,1,1,26409,"BA","Amélia Rodrigues"
290120,0,1,0,0,0,0,0,0,1,1,19568,"BA","Anagé"
290130,0,1,0,0,0,0,0,0,1,1,13737,"BA","Andaraí"
290140,0,1,0,0,0,0,0,0,1,1,14690,"BA","Angical"
290160,0,1,0,0,0,0,0,0,1,1,19569,"BA","Antas"
290180,0,1,0,0,0,0,0,0,1,1,12072,"BA","Antônio Gonçalves"
290195,0,1,0,0,0,0,0,0,1,1,7730,"BA","Apuarema"
290200,0,1,0,0,0,0,0,0,1,1,13962,"BA","Aracatu"
290210,0,1,0,0,0,0,0,0,1,1,55935,"BA","Araci"
290220,0,1,0,0,0,0,0,0,1,1,11703,"BA","Aramari"
290225,0,1,0,0,0,0,0,0,1,1,11661,"BA","Arataca"
290230,0,1,0,0,0,0,0,0,1,1,9171,"BA","Aratuípe"
290240,0,1,0,0,0,0,0,0,1,1,12706,"BA","Aurelino Leal"
290250,0,1,0,0,0,0,0,0,1,1,14323,"BA","Baianópolis"
290265,0,1,0,0,0,0,0,0,1,1,13765,"BA","Banzaê"
290290,0,1,0,0,0,0,0,0,1,1,34121,"BA","Barra do Choça"
290310,0,1,0,0,0,0,0,0,1,1,6258,"BA","Barra do Rocha"
290320,0,1,0,0,0,0,0,0,1,1,157638,"BA","Barreiras"
290340,0,1,0,0,0,0,0,0,1,1,24013,"BA","Belmonte"
290360,0,1,0,0,0,0,0,0,1,1,16653,"BA","Biritinga"
290370,0,1,0,0,0,0,0,0,1,1,14069,"BA","Boa Nova"
290380,0,1,0,0,0,0,0,0,1,1,19502,"BA","Boa Vista do Tupim"
290400,0,1,0,0,0,0,0,0,1,1,14760,"BA","Boninal"
290405,0,1,0,0,0,0,0,0,1,1,17131,"BA","Bonito"
290430,0,1,0,0,0,0,0,0,1,1,15122,"BA","Brejões"
290450,0,1,0,0,0,0,0,0,1,1,10974,"BA","Brotas de Macaúbas"
290460,0,1,0,0,0,0,0,0,1,1,69677,"BA","Brumado"
290480,0,1,0,0,0,0,0,0,1,1,7841,"BA","Caatiba"
290485,0,1,0,0,0,0,0,0,1,1,19312,"BA","Cabaceiras do Paraguaçu"
290490,0,1,0,0,0,0,0,0,1,1,35139,"BA","Cachoeira"
290500,0,1,0,0,0,0,0,0,1,1,23817,"BA","Caculé"
290515,0,1,0,0,0,0,0,0,1,1,16106,"BA","Caetanos"
290520,0,1,0,0,0,0,0,0,1,1,52853,"BA","Caetité"
290540,0,1,0,0,0,0,0,0,1,1,18224,"BA","Cairu"
290560,0,1,0,0,0,0,0,0,1,1,33310,"BA","Camacan"
290570,0,1,0,0,0,0,0,0,1,1,296893,"BA","Camaçari"
290580,0,1,0,0,0,0,0,0,1,1,36644,"BA","Camamu"
290600,0,1,0,0,0,0,0,0,1,1,73448,"BA","Campo Formoso"
290630,0,1,0,0,0,0,0,0,1,1,33002,"BA","Canavieiras"
290650,0,1,0,0,0,0,0,0,1,1,89707,"BA","Candeias"
290670,0,1,0,0,0,0,0,0,1,1,26674,"BA","Cândido Sales"
290685,0,1,0,0,0,0,0,0,1,1,12199,"BA","Capela do Alto Alegre"
290687,0,1,0,0,0,0,0,0,1,1,31392,"BA","Capim Grosso"
290689,0,1,0,0,0,0,0,0,1,1,9773,"BA","Caraíbas"
290690,0,1,0,0,0,0,0,0,1,1,22740,"BA","Caravelas"
290700,0,1,0,0,0,0,0,0,1,1,9544,"BA","Cardeal da Silva"
290770,0,1,0,0,0,0,0,0,1,1,11591,"BA","Chorrochó"
290780,0,1,0,0,0,0,0,0,1,1,34676,"BA","Cícero Dantas"
290790,0,1,0,0,0,0,0,0,1,1,17739,"BA","Cipó"
290800,0,1,0,0,0,0,0,0,1,1,19022,"BA","Coaraci"
290820,0,1,0,0,0,0,0,0,1,1,23024,"BA","Conceição da Feira"
290860,0,1,0,0,0,0,0,0,1,1,26371,"BA","Conde"
290870,0,1,0,0,0,0,0,0,1,1,18191,"BA","Condeúba"
290880,0,1,0,0,0,0,0,0,1,1,4299,"BA","Contendas do Sincorá"
290940,0,1,0,0,0,0,0,0,1,1,14414,"BA","Cotegipe"
290950,0,1,0,0,0,0,0,0,1,1,5576,"BA","Cravolândia"
290960,0,1,0,0,0,0,0,0,1,1,21835,"BA","Crisópolis"
290970,0,1,0,0,0,0,0,0,1,1,14403,"BA","Cristópolis"
291000,0,1,0,0,0,0,0,0,1,1,11716,"BA","Dário Meira"
291005,0,1,0,0,0,0,0,0,1,1,80657,"BA","Dias d'Ávila"
291030,0,1,0,0,0,0,0,0,1,1,8461,"BA","Elísio Medrado"
291040,0,1,0,0,0,0,0,0,1,1,19376,"BA","Encruzilhada"
291050,0,1,0,0,0,0,0,0,1,1,43223,"BA","Entre Rios"
291060,0,1,0,0,0,0,0,0,1,1,37845,"BA","Esplanada"
291070,0,1,0,0,0,0,0,0,1,1,61924,"BA","Euclides da Cunha"
291072,0,1,0,0,0,0,0,0,1,1,115290,"BA","Eunápolis"
291075,0,1,0,0,0,0,0,0,1,1,18443,"BA","Fátima"
291080,0,1,0,0,0,0,0,0,1,1,627477,"BA","Feira de Santana"
291100,0,1,0,0,0,0,0,0,1,1,11244,"BA","Floresta Azul"
291110,0,1,0,0,0,0,0,0,1,1,25912,"BA","Formosa do Rio Preto"
291120,0,1,0,0,0,0,0,0,1,1,33234,"BA","Gandu"
291125,0,1,0,0,0,0,0,0,1,1,4725,"BA","Gavião"
291130,0,1,0,0,0,0,0,0,1,1,11639,"BA","Gentio do Ouro"
291140,0,1,0,0,0,0,0,0,1,1,15840,"BA","Glória"
291150,0,1,0,0,0,0,0,0,1,1,7848,"BA","Gongogi"
291165,0,1,0,0,0,0,0,0,1,1,8081,"BA","Guajeru"
291180,0,1,0,0,0,0,0,0,1,1,22154,"BA","Guaratinga"
291190,0,1,0,0,0,0,0,0,1,1,25884,"BA","Iaçu"
291220,0,1,0,0,0,0,0,0,1,1,19786,"BA","Ibicoara"
291230,0,1,0,0,0,0,0,0,1,1,16796,"BA","Ibicuí"
291240,0,1,0,0,0,0,0,0,1,1,18678,"BA","Ibipeba"
291270,0,1,0,0,0,0,0,0,1,1,24293,"BA","Ibirapitanga"
291280,0,1,0,0,0,0,0,0,1,1,8852,"BA","Ibirapuã"
291290,0,1,0,0,0,0,0,0,1,1,17221,"BA","Ibirataia"
291300,0,1,0,0,0,0,0,0,1,1,16855,"BA","Ibitiara"
291310,0,1,0,0,0,0,0,0,1,1,17948,"BA","Ibititá"
291320,0,1,0,0,0,0,0,0,1,1,27862,"BA","Ibotirama"
291345,0,1,0,0,0,0,0,0,1,1,14187,"BA","Igrapiúna"
291350,0,1,0,0,0,0,0,0,1,1,27939,"BA","Iguaí"
291360,0,1,0,0,0,0,0,0,1,1,176341,"BA","Ilhéus"
291370,0,1,0,0,0,0,0,0,1,1,40453,"BA","Inhambupe"
291390,0,1,0,0,0,0,0,0,1,1,47704,"BA","Ipiaú"
291400,0,1,0,0,0,0,0,0,1,1,62631,"BA","Ipirá"
291410,0,1,0,0,0,0,0,0,1,1,10157,"BA","Ipupiara"
291430,0,1,0,0,0,0,0,0,1,1,9901,"BA","Iramaia"
291440,0,1,0,0,0,0,0,0,1,1,25536,"BA","Iraquara"
291450,0,1,0,0,0,0,0,0,1,1,29879,"BA","Irará"
291465,0,1,0,0,0,0,0,0,1,1,31422,"BA","Itabela"
291470,0,1,0,0,0,0,0,0,1,1,66806,"BA","Itaberaba"
291490,0,1,0,0,0,0,0,0,1,1,28382,"BA","Itacaré"
291500,0,1,0,0,0,0,0,0,1,1,16586,"BA","Itaeté"
291510,0,1,0,0,0,0,0,0,1,1,13199,"BA","Itagi"
291520,0,1,0,0,0,0,0,0,1,1,15577,"BA","Itagibá"
291530,0,1,0,0,0,0,0,0,1,1,7291,"BA","Itagimirim"
291535,0,1,0,0,0,0,0,0,1,1,14718,"BA","Itaguaçu da Bahia"
291540,0,1,0,0,0,0,0,0,1,1,7218,"BA","Itaju do Colônia"
291560,0,1,0,0,0,0,0,0,1,1,67356,"BA","Itamaraju"
291570,0,1,0,0,0,0,0,0,1,1,8476,"BA","Itamari"
291580,0,1,0,0,0,0,0,0,1,1,24901,"BA","Itambé"
291590,0,1,0,0,0,0,0,0,1,1,6730,"BA","Itanagra"
291600,0,1,0,0,0,0,0,0,1,1,20501,"BA","Itanhém"
291610,0,1,0,0,0,0,0,0,1,1,22866,"BA","Itaparica"
291620,0,1,0,0,0,0,0,0,1,1,9830,"BA","Itapé"
291630,0,1,0,0,0,0,0,0,1,1,10830,"BA","Itapebi"
291640,0,0,0,0,0,1,0,0,1,1,77533,"BA","Itapetinga"
291650,0,1,0,0,0,0,0,0,1,1,36211,"BA","Itapicuru"
291660,0,1,0,0,0,0,0,0,1,1,10799,"BA","Itapitanga"
291680,0,1,0,0,0,0,0,0,1,1,20314,"BA","Itarantim"
291700,0,1,0,0,0,0,0,0,1,1,37567,"BA","Itiúba"
291720,0,1,0,0,0,0,0,0,1,1,19577,"BA","Ituaçu"
291730,0,1,0,0,0,0,0,0,1,1,29428,"BA","Ituberá"
291740,0,1,0,0,0,0,0,0,1,1,15459,"BA","Jacaraci"
291750,0,1,0,0,0,0,0,0,1,1,83635,"BA","Jacobina"
291760,0,1,0,0,0,0,0,0,1,1,56033,"BA","Jaguaquara"
291770,0,1,0,0,0,0,0,0,1,1,34499,"BA","Jaguarari"
291780,0,1,0,0,0,0,0,0,1,1,19036,"BA","Jaguaripe"
291790,0,1,0,0,0,0,0,0,1,1,11120,"BA","Jandaíra"
291810,0,1,0,0,0,0,0,0,1,1,41605,"BA","Jeremoabo"
291820,0,1,0,0,0,0,0,0,1,1,15106,"BA","Jiquiriçá"
291830,0,1,0,0,0,0,0,0,1,1,12692,"BA","Jitaúna"
291845,0,1,0,0,0,0,0,0,1,1,9924,"BA","Jucuruçu"
291860,0,1,0,0,0,0,0,0,1,1,7066,"BA","Jussiape"
291870,0,1,0,0,0,0,0,0,1,1,3975,"BA","Lafaiete Coutinho"
291875,0,1,0,0,0,0,0,0,1,1,16029,"BA","Lagoa Real"
291880,0,1,0,0,0,0,0,0,1,1,24306,"BA","Laje"
291890,0,1,0,0,0,0,0,0,1,1,4068,"BA","Lajedão"
291900,0,1,0,0,0,0,0,0,1,1,4017,"BA","Lajedinho"
291905,0,1,0,0,0,0,0,0,1,1,8886,"BA","Lajedo do Tabocal"
291910,0,1,0,0,0,0,0,0,1,1,9007,"BA","Lamarão"
291930,0,1,0,0,0,0,0,0,1,1,11636,"BA","Lençóis"
291940,0,1,0,0,0,0,0,0,1,1,12969,"BA","Licínio de Almeida"
291950,0,1,0,0,0,0,0,0,1,1,46739,"BA","Livramento de Nossa Senhora"
291955,0,1,0,0,0,0,0,0,1,1,83557,"BA","Luís Eduardo Magalhães"
291970,0,0,1,0,0,0,0,0,1,1,19110,"BA","Macarani"
291980,0,1,0,0,0,0,0,0,1,1,50987,"BA","Macaúbas"
291995,0,1,0,0,0,0,0,0,1,1,4456,"BA","Maetinga"
292000,0,1,0,0,0,0,0,0,1,1,10274,"BA","Maiquinique"
292010,0,1,0,0,0,0,0,0,1,1,19695,"BA","Mairi"
292020,0,1,0,0,0,0,0,0,1,1,17526,"BA","Malhada"
292030,0,1,0,0,0,0,0,0,1,1,8856,"BA","Malhada de Pedras"
292040,0,1,0,0,0,0,0,0,1,1,14251,"BA","Manoel Vitorino"
292045,0,1,0,0,0,0,0,0,1,1,13959,"BA","Mansidão"
292050,0,1,0,0,0,0,0,0,1,1,23018,"BA","Maracás"
292060,0,1,0,0,0,0,0,0,1,1,46260,"BA","Maragogipe"
292070,0,1,0,0,0,0,0,0,1,1,21313,"BA","Maraú"
292080,0,1,0,0,0,0,0,0,1,1,10931,"BA","Marcionílio Souza"
292090,0,1,0,0,0,0,0,0,1,1,14728,"BA","Mascote"
292100,0,1,0,0,0,0,0,0,1,1,46998,"BA","Mata de São João"
292110,0,1,0,0,0,0,0,0,1,1,23586,"BA","Medeiros Neto"
292140,0,1,0,0,0,0,0,0,1,1,18729,"BA","Mirangaba"
292145,0,1,0,0,0,0,0,0,1,1,9578,"BA","Mirante"
292160,0,1,0,0,0,0,0,0,1,1,8950,"BA","Morpará"
292170,0,1,0,0,0,0,0,0,1,1,36856,"BA","Morro do Chapéu"
292190,0,0,0,0,0,0,1,0,1,1,9957,"BA","Mucugê"
292200,0,1,0,0,0,0,0,0,1,1,42072,"BA","Mucuri"
292205,0,1,0,0,0,0,0,0,1,1,11988,"BA","Mulungu do Morro"
292220,0,1,0,0,0,0,0,0,1,1,7678,"BA","Muniz Ferreira"
292225,0,1,0,0,0,0,0,0,1,1,11644,"BA","Muquém de São Francisco"
292230,0,1,0,0,0,0,0,0,1,1,30631,"BA","Muritiba"
292250,0,1,0,0,0,0,0,0,1,1,29546,"BA","Nazaré"
292260,0,1,0,0,0,0,0,0,1,1,14368,"BA","Nilo Peçanha"
292270,0,1,0,0,0,0,0,0,1,1,17141,"BA","Nova Canaã"
292275,0,1,0,0,0,0,0,0,1,1,6986,"BA","Nova Ibiá"
292285,0,1,0,0,0,0,0,0,1,1,9500,"BA","Nova Redenção"
292290,0,1,0,0,0,0,0,0,1,1,25460,"BA","Nova Soure"
292300,0,1,0,0,0,0,0,0,1,1,44052,"BA","Nova Viçosa"
292305,0,1,0,0,0,0,0,0,1,1,16037,"BA","Novo Triunfo"
292310,0,1,0,0,0,0,0,0,1,1,29227,"BA","Olindina"
292330,0,1,0,0,0,0,0,0,1,1,8916,"BA","Ouriçangas"
292335,0,1,0,0,0,0,0,0,1,1,18025,"BA","Ourolândia"
292350,0,1,0,0,0,0,0,0,1,1,9250,"BA","Palmeiras"
292360,0,1,0,0,0,0,0,0,1,1,22286,"BA","Paramirim"
292390,0,1,0,0,0,0,0,0,1,1,10673,"BA","Pau Brasil"
292400,0,1,0,0,0,0,0,0,1,1,120706,"BA","Paulo Afonso"
292405,0,1,0,0,0,0,0,0,1,1,14226,"BA","Pé de Serra"
292410,0,1,0,0,0,0,0,0,1,1,7527,"BA","Pedrão"
292420,0,1,0,0,0,0,0,0,1,1,18209,"BA","Pedro Alexandre"
292467,0,1,0,0,0,0,0,0,1,1,10411,"BA","Piraí do Norte"
292470,0,1,0,0,0,0,0,0,1,1,11849,"BA","Piripá"
292480,0,1,0,0,0,0,0,0,1,1,25211,"BA","Piritiba"
292490,0,1,0,0,0,0,0,0,1,1,9582,"BA","Planaltino"
292500,0,1,0,0,0,0,0,0,1,1,26915,"BA","Planalto"
292510,0,1,0,0,0,0,0,0,1,1,48861,"BA","Poções"
292520,0,1,0,0,0,0,0,0,1,1,39718,"BA","Pojuca"
292525,0,1,0,0,0,0,0,0,1,1,15830,"BA","Ponto Novo"
292530,0,1,0,0,0,0,0,0,1,1,149324,"BA","Porto Seguro"
292540,0,1,0,0,0,0,0,0,1,1,8438,"BA","Potiraguá"
292550,0,1,0,0,0,0,0,0,1,1,29326,"BA","Prado"
292570,0,1,0,0,0,0,0,0,1,1,13334,"BA","Presidente Jânio Quadros"
292575,0,1,0,0,0,0,0,0,1,1,28082,"BA","Presidente Tancredo Neves"
292580,0,1,0,0,0,0,0,0,1,1,26552,"BA","Queimadas"
292590,0,1,0,0,0,0,0,0,1,1,28632,"BA","Quijingue"
292595,0,1,0,0,0,0,0,0,1,1,23562,"BA","Rafael Jambeiro"
292620,0,1,0,0,0,0,0,0,1,1,23313,"BA","Riachão das Neves"
292630,0,1,0,0,0,0,0,0,1,1,34784,"BA","Riachão do Jacuípe"
292650,0,1,0,0,0,0,0,0,1,1,15443,"BA","Ribeira do Amparo"
292660,0,1,0,0,0,0,0,0,1,1,54965,"BA","Ribeira do Pombal"
292670,0,1,0,0,0,0,0,0,1,1,13712,"BA","Rio de Contas"
292680,0,1,0,0,0,0,0,0,1,1,15804,"BA","Rio do Antônio"
292690,0,1,0,0,0,0,0,0,1,1,12130,"BA","Rio do Pires"
292700,0,1,0,0,0,0,0,0,1,1,41767,"BA","Rio Real"
292720,0,1,0,0,0,0,0,0,1,1,32009,"BA","Ruy Barbosa"
292730,0,1,0,0,0,0,0,0,1,1,15772,"BA","Salinas da Margarida"
292740,0,1,0,0,0,0,0,0,1,1,2953986,"BA","Salvador"
292760,0,1,0,0,0,0,0,0,1,1,14976,"BA","Santa Brígida"
292770,0,1,0,0,0,0,0,0,1,1,28552,"BA","Santa Cruz Cabrália"
292805,0,1,0,0,0,0,0,0,1,1,13398,"BA","Santa Luzia"
292820,0,1,0,0,0,0,0,0,1,1,27492,"BA","Santana"
292850,0,1,0,0,0,0,0,0,1,1,10682,"BA","Santa Teresinha"
292860,0,1,0,0,0,0,0,0,1,1,61961,"BA","Santo Amaro"
292870,0,1,0,0,0,0,0,0,1,1,103342,"BA","Santo Antônio de Jesus"
292880,0,1,0,0,0,0,0,0,1,1,53898,"BA","Santo Estêvão"
292890,0,1,0,0,0,0,0,0,1,1,33661,"BA","São Desidério"
292895,0,1,0,0,0,0,0,0,1,1,9404,"BA","São Domingos"
292905,0,0,0,0,0,0,1,0,1,1,15825,"BA","São Félix do Coribe"
292910,0,1,0,0,0,0,0,0,1,1,21964,"BA","São Felipe"
292935,0,1,0,0,0,0,0,0,1,1,6045,"BA","São José da Vitória"
292937,0,1,0,0,0,0,0,0,1,1,10784,"BA","São José do Jacuípe"
292940,0,1,0,0,0,0,0,0,1,1,12092,"BA","São Miguel das Matas"
292950,0,1,0,0,0,0,0,0,1,1,45827,"BA","São Sebastião do Passé"
292970,0,1,0,0,0,0,0,0,1,1,20429,"BA","Sátiro Dias"
292975,1,0,0,0,0,0,0,0,1,1,12380,"BA","Saubara"
292990,0,1,0,0,0,0,0,0,1,1,45568,"BA","Seabra"
293010,0,1,0,0,0,0,0,0,1,1,81218,"BA","Senhor do Bonfim"
293070,0,1,0,0,0,0,0,0,1,1,136050,"BA","Simões Filho"
293076,0,1,0,0,0,0,0,0,1,1,11283,"BA","Sítio do Quinto"
293100,0,1,0,0,0,0,0,0,1,1,21315,"BA","Tanhaçu"
293130,0,1,0,0,0,0,0,0,1,1,17845,"BA","Tapiramutá"
293135,0,1,0,0,0,0,0,0,1,1,161690,"BA","Teixeira de Freitas"
293140,0,1,0,0,0,0,0,0,1,1,7936,"BA","Teodoro Sampaio"
293150,0,1,0,0,0,0,0,0,1,1,23378,"BA","Teofilândia"
293160,0,1,0,0,0,0,0,0,1,1,15357,"BA","Teolândia"
293170,0,1,0,0,0,0,0,0,1,1,13536,"BA","Terra Nova"
293180,0,1,0,0,0,0,0,0,1,1,17700,"BA","Tremedal"
293190,0,1,0,0,0,0,0,0,1,1,52540,"BA","Tucano"
293210,0,1,0,0,0,0,0,0,1,1,20800,"BA","Ubaíra"
293220,0,1,0,0,0,0,0,0,1,1,20489,"BA","Ubaitaba"
293230,0,1,0,0,0,0,0,0,1,1,27527,"BA","Ubatã"
293245,0,1,0,0,0,0,0,0,1,1,19522,"BA","Umburanas"
293250,0,1,0,0,0,0,0,0,1,1,21331,"BA","Una"
293270,0,1,0,0,0,0,0,0,1,1,21711,"BA","Uruçuca"
293280,0,1,0,0,0,0,0,0,1,1,19780,"BA","Utinga"
293305,0,1,0,0,0,0,0,0,1,1,14662,"BA","Várzea da Roça"
293315,0,1,0,0,0,0,0,0,1,1,13454,"BA","Várzea Nova"
293325,0,1,0,0,0,0,0,0,1,1,6620,"BA","Vereda"
293330,0,1,0,0,0,0,0,0,1,1,348718,"BA","Vitória da Conquista"
293340,0,1,0,0,0,0,0,0,1,1,9753,"BA","Wagner"
293350,0,1,0,0,0,0,0,0,1,1,22365,"BA","Wenceslau Guimarães"
310080,0,0,0,0,1,0,0,0,1,1,4440,"MG","Aguanil"
310140,0,0,1,0,0,0,0,0,1,1,3046,"MG","Albertina"
310180,0,0,0,0,0,0,0,1,1,1,7515,"MG","Alpercata"
310210,0,0,0,0,0,1,0,0,1,1,11693,"MG","Alto Rio Doce"
310280,0,0,0,0,0,1,0,0,1,1,12507,"MG","Andrelândia"
310350,1,0,0,0,0,0,0,0,1,1,117445,"MG","Araguari"
310375,0,0,0,0,0,1,0,0,1,1,6774,"MG","Araporã"
310390,0,0,0,0,1,0,0,0,1,1,8996,"MG","Araújos"
310590,0,0,0,0,0,1,0,0,1,1,20882,"MG","Barroso"
310710,1,0,0,0,0,0,0,0,1,1,40530,"MG","Boa Esperança"
310750,0,0,0,0,0,1,0,0,1,1,6644,"MG","Bom Jardim de Minas"
310800,0,0,0,0,1,0,0,0,1,1,17907,"MG","Bom Sucesso"
310940,1,0,0,0,0,0,0,0,1,1,28335,"MG","Buritizeiro"
311060,0,0,0,0,1,0,0,0,1,1,29165,"MG","Cambuí"
311320,0,0,0,0,0,0,0,1,1,1,25376,"MG","Carandaí"
311420,1,0,0,0,0,0,0,0,1,1,22136,"MG","Carmo do Cajuru"
311850,0,0,0,0,1,0,0,0,1,1,1810,"MG","Consolação"
311870,0,0,0,0,1,0,0,0,1,1,9432,"MG","Coqueiral"
312360,0,0,0,0,1,0,0,0,1,1,27730,"MG","Elói Mendes"
312730,0,1,0,0,0,0,0,0,1,1,7034,"MG","Galiléia"
312770,0,0,1,0,0,0,0,0,1,1,280901,"MG","Governador Valadares"
312830,0,0,0,0,0,0,0,1,1,1,19378,"MG","Guaranésia"
312940,0,0,0,0,0,0,1,0,1,1,5150,"MG","Ibertioga"
313000,1,0,0,0,0,0,0,0,1,1,3018,"MG","Ibituruna"
313170,1,0,0,0,0,0,0,0,1,1,119285,"MG","Itabira"
313190,1,0,0,0,0,0,0,0,1,1,50816,"MG","Itabirito"
313380,1,0,0,0,0,0,0,0,1,1,92696,"MG","Itaúna"
313420,0,1,0,0,0,0,0,0,1,1,104526,"MG","Ituiutaba"
313780,0,0,1,0,0,0,0,0,1,1,20870,"MG","Lambari"
313910,0,0,0,0,0,1,0,0,1,1,5153,"MG","Madre de Deus de Minas"
313960,1,0,0,0,0,0,0,0,1,1,28132,"MG","Mantena"
314000,1,0,0,0,0,0,0,0,1,1,59857,"MG","Mariana"
314030,0,1,0,0,0,0,0,0,1,1,4129,"MG","Marliéria"
314240,1,0,0,0,0,0,0,0,1,1,7525,"MG","Moema"
314310,0,0,1,0,0,0,0,0,1,1,48248,"MG","Monte Carmelo"
314330,0,0,0,0,0,0,1,0,1,1,402027,"MG","Montes Claros"
314390,0,0,0,1,0,0,0,0,1,1,108537,"MG","Muriaé"
314420,0,0,0,0,0,0,0,1,1,1,3274,"MG","Nacip Raydan"
314480,0,0,1,0,0,0,0,0,1,1,92178,"MG","Nova Lima"
314560,0,0,1,0,0,0,0,0,1,1,41907,"MG","Oliveira"
314720,0,0,0,0,1,0,0,0,1,1,21583,"MG","Paraguaçu"
314790,0,0,0,0,0,1,0,0,1,1,114458,"MG","Passos"
314810,1,0,0,0,0,0,0,0,1,1,89983,"MG","Patrocínio"
315120,1,0,0,0,0,0,0,0,1,1,56706,"MG","Pirapora"
315180,0,0,0,0,0,0,0,1,1,1,166085,"MG","Poços de Caldas"
315280,0,0,0,0,0,0,0,1,1,1,27796,"MG","Prata"
315320,0,0,0,0,0,0,0,1,1,1,3827,"MG","Presidente Juscelino"
315400,0,1,0,0,0,0,0,0,1,1,24368,"MG","Raul Soares"
315420,0,0,0,0,0,0,0,1,1,1,11569,"MG","Resende Costa"
315440,0,0,0,0,0,0,0,1,1,1,4861,"MG","Ressaquinha"
315680,0,0,0,0,1,0,0,0,1,1,15936,"MG","Sabinópolis"
316090,0,0,0,0,0,0,1,0,1,1,3747,"MG","São Brás do Suaçuí"
316220,0,0,1,0,0,0,0,0,1,1,7431,"MG","São João Batista do Glória"
316250,0,0,0,0,0,1,0,0,1,1,90263,"MG","São João del Rei"
316370,0,0,1,0,0,0,0,0,1,1,45457,"MG","São Lourenço"
316490,0,0,0,0,1,0,0,0,1,1,2249,"MG","São Sebastião do Rio Verde"
316880,0,0,0,0,0,1,0,0,1,1,7807,"MG","Tiradentes"
316930,0,0,0,0,0,0,0,1,1,1,78999,"MG","Três Corações"
316940,1,0,0,0,0,0,0,0,1,1,57097,"MG","Três Pontas"
316950,0,0,1,0,0,0,0,0,1,1,6739,"MG","Tumiritinga"
317010,1,0,0,0,0,0,0,0,1,1,328272,"MG","Uberaba"
317020,0,0,1,0,0,0,0,0,1,1,676613,"MG","Uberlândia"
317040,0,1,0,0,0,0,0,0,1,1,83980,"MG","Unaí"
320013,0,0,1,0,0,0,0,0,1,1,10085,"ES","Águia Branca"
320070,0,0,0,0,1,0,0,0,1,1,11804,"ES","Atilio Vivacqua"
320120,0,0,0,0,0,0,1,0,1,1,211649,"ES","Cachoeiro de Itapemirim"
320140,0,0,0,0,1,0,0,0,1,1,38304,"ES","Castelo"
320150,0,1,0,0,0,0,0,0,1,1,124525,"ES","Colatina"
320210,0,0,1,0,0,0,0,0,1,1,24217,"ES","Ecoporanga"
320245,1,0,0,0,0,0,0,0,1,1,25882,"ES","Ibatiba"
320280,0,0,1,0,0,0,0,0,1,1,34628,"ES","Itapemirim"
320340,0,1,0,0,0,0,0,0,1,1,27388,"ES","Mimoso do Sul"
320455,0,0,1,0,0,0,0,0,1,1,39928,"ES","Santa Maria de Jetibá"
320460,1,0,0,0,0,0,0,0,1,1,24025,"ES","Santa Teresa"
320480,0,0,1,0,0,0,0,0,1,1,11036,"ES","São José do Calçado"
320500,0,0,1,0,0,0,0,0,1,1,502618,"ES","Serra"
330020,0,0,0,0,0,1,0,0,1,1,126742,"RJ","Araruama"
330070,0,0,0,0,0,1,0,0,1,1,216030,"RJ","Cabo Frio"
330100,1,0,0,0,0,0,0,0,1,1,490288,"RJ","Campos dos Goytacazes"
330110,0,0,1,0,0,0,0,0,1,1,19697,"RJ","Cantagalo"
330130,0,0,1,0,0,0,0,0,1,1,41999,"RJ","Casimiro de Abreu"
330160,0,0,1,0,0,0,0,0,1,1,11169,"RJ","Duas Barras"
330380,0,0,0,0,1,0,0,0,1,1,41454,"RJ","Paraty"
330390,0,0,0,0,1,0,0,0,1,1,298235,"RJ","Petrópolis"
330411,0,0,0,0,0,1,0,0,1,1,18829,"RJ","Porto Real"
330455,0,0,0,0,1,0,0,0,1,1,6520266,"RJ","Rio de Janeiro"
330470,0,0,1,0,0,0,0,0,1,1,41312,"RJ","Santo Antônio de Pádua"
330570,0,0,1,0,0,0,0,0,1,1,15191,"RJ","Sumidouro"
330590,0,0,1,0,0,0,0,0,1,1,10352,"RJ","Trajano de Moraes"
350010,0,0,0,0,0,0,1,0,1,1,35139,"SP","Adamantina"
350020,0,0,0,0,1,0,0,0,1,1,3609,"SP","Adolfo"
350030,0,0,0,0,0,0,1,0,1,1,35508,"SP","Aguaí"
350040,0,0,0,0,1,0,0,0,1,1,8104,"SP","Águas da Prata"
350055,0,0,0,0,1,0,0,0,1,1,6009,"SP","Águas de Santa Bárbara"
350060,0,0,0,0,0,0,1,0,1,1,3268,"SP","Águas de São Pedro"
350070,0,0,0,0,0,0,1,0,1,1,36880,"SP","Agudos"
350075,0,0,0,0,0,0,1,0,1,1,5754,"SP","Alambari"
350080,0,0,0,0,0,0,1,0,1,1,4135,"SP","Alfredo Marcondes"
350100,1,0,0,0,0,0,0,0,1,1,16219,"SP","Altinópolis"
350110,1,0,0,0,0,0,0,0,1,1,4154,"SP","Alto Alegre"
350120,0,0,0,1,0,0,0,0,1,1,3795,"SP","Álvares Florence"
350130,0,0,0,0,0,0,1,0,1,1,24813,"SP","Álvares Machado"
350150,0,0,0,0,1,0,0,0,1,1,3196,"SP","Alvinlândia"
350160,0,0,0,0,0,1,0,0,1,1,233868,"SP","Americana"
350170,0,0,0,0,0,1,0,0,1,1,39189,"SP","Américo Brasiliense"
350180,0,0,0,0,0,1,0,0,1,1,5967,"SP","Américo de Campos"
350190,0,1,0,0,0,0,0,0,1,1,71193,"SP","Amparo"
350210,0,0,1,0,0,0,0,0,1,1,57350,"SP","Andradina"
350220,0,0,0,0,0,0,1,0,1,1,24634,"SP","Angatuba"
350230,0,0,0,0,0,0,1,0,1,1,6484,"SP","Anhembi"
350260,0,0,0,0,1,0,0,0,1,1,4329,"SP","Aparecida d'Oeste"
350270,0,0,0,0,0,0,1,0,1,1,24945,"SP","Apiaí"
350280,0,0,0,0,0,1,0,0,1,1,194874,"SP","Araçatuba"
350310,0,0,0,0,1,0,0,0,1,1,6368,"SP","Arandu"
350320,0,0,0,0,0,1,0,0,1,1,230770,"SP","Araraquara"
350330,0,1,0,0,0,0,0,0,1,1,131282,"SP","Araras"
350335,0,0,0,0,0,0,1,0,1,1,1856,"SP","Arco-Íris"
350340,0,0,0,0,0,0,1,0,1,1,8452,"SP","Arealva"
350360,0,0,0,0,0,0,1,0,1,1,11107,"SP","Areiópolis"
350380,1,0,0,0,0,0,0,0,1,1,51986,"SP","Artur Nogueira"
350395,0,0,0,0,0,0,1,0,1,1,1842,"SP","Aspásia"
350420,0,0,0,0,0,0,0,1,1,1,15085,"SP","Auriflama"
350430,0,0,0,0,0,0,1,0,1,1,5337,"SP","Avaí"
350450,0,0,0,0,1,0,0,0,1,1,89479,"SP","Avaré"
350460,0,1,0,0,0,0,0,0,1,1,16843,"SP","Bady Bassitt"
350470,0,0,0,0,1,0,0,0,1,1,5188,"SP","Balbinos"
350490,0,0,0,0,0,0,1,0,1,1,10867,"SP","Bananal"
350500,0,0,0,0,0,0,1,0,1,1,3406,"SP","Barão de Antonina"
350510,0,0,1,0,0,0,0,0,1,1,7251,"SP","Barbosa"
350530,0,0,0,0,1,0,0,0,1,1,36331,"SP","Barra Bonita"
350535,0,0,0,0,1,0,0,0,1,1,5653,"SP","Barra do Chapéu"
350550,0,0,0,0,0,0,1,0,1,1,120638,"SP","Barretos"
350570,0,1,0,0,0,0,0,0,1,1,267534,"SP","Barueri"
350580,0,0,0,0,1,0,0,0,1,1,21073,"SP","Bastos"
350590,0,0,0,0,0,0,1,0,1,1,61480,"SP","Batatais"
350600,0,1,0,0,0,0,0,0,1,1,371690,"SP","Bauru"
350610,0,0,0,0,0,0,1,0,1,1,77761,"SP","Bebedouro"
350620,0,0,0,0,0,0,1,0,1,1,2925,"SP","Bento de Abreu"
350640,0,1,0,0,0,0,0,0,1,1,7837,"SP","Bilac"
350650,1,0,0,0,0,0,0,0,1,1,120692,"SP","Birigui"
350660,1,0,0,0,0,0,0,0,1,1,31793,"SP","Biritiba-Mirim"
350680,0,0,0,0,0,0,0,1,1,1,12040,"SP","Bocaina"
350690,0,0,0,0,1,0,0,0,1,1,11236,"SP","Bofete"
350700,0,0,0,0,1,0,0,0,1,1,57910,"SP","Boituva"
350715,0,0,0,0,0,0,1,0,1,1,3888,"SP","Bom Sucesso de Itararé"
350745,0,0,0,0,0,1,0,0,1,1,2577,"SP","Borebi"
350750,1,0,0,0,0,0,0,0,1,1,142546,"SP","Botucatu"
350770,0,0,0,0,0,0,0,1,1,1,5557,"SP","Braúna"
350775,0,0,0,0,0,0,1,0,1,1,2812,"SP","Brejo Alegre"
350780,0,0,0,0,0,1,0,0,1,1,24092,"SP","Brodowski"
350790,0,0,1,0,0,0,0,0,1,1,23858,"SP","Brotas"
350800,0,0,0,0,0,0,1,0,1,1,19737,"SP","Buri"
350810,0,0,0,1,0,0,0,0,1,1,16841,"SP","Buritama"
350820,0,0,0,0,0,0,0,1,1,1,4408,"SP","Buritizal"
350830,0,0,0,0,0,0,0,1,1,1,4352,"SP","Cabrália Paulista"
350840,0,0,0,0,0,1,0,0,1,1,47877,"SP","Cabreúva"
350850,1,0,0,0,0,0,0,0,1,1,92587,"SP","Caçapava"
350870,1,0,0,0,0,0,0,0,1,1,19025,"SP","Caconde"
350880,0,0,0,0,0,0,0,1,1,1,17645,"SP","Cafelândia"
350900,0,0,0,0,1,0,0,0,1,1,98223,"SP","Caieiras"
350920,0,1,0,0,0,0,0,0,1,1,73921,"SP","Cajamar"
350925,0,0,0,0,0,0,1,0,1,1,28870,"SP","Cajati"
350940,0,0,1,0,0,0,0,0,1,1,25655,"SP","Cajuru"
350950,1,0,0,0,0,0,0,0,1,1,1182429,"SP","Campinas"
350970,1,0,0,0,0,0,0,0,1,1,51454,"SP","Campos do Jordão"
350990,0,0,0,0,0,0,1,0,1,1,12609,"SP","Cananéia"
350995,0,0,0,0,0,0,1,0,1,1,4975,"SP","Canas"
351020,0,0,0,0,0,0,1,0,1,1,47463,"SP","Capão Bonito"
351030,0,0,0,0,1,0,0,0,1,1,20005,"SP","Capela do Alto"
351050,0,0,0,0,1,0,0,0,1,1,116786,"SP","Caraguatatuba"
351060,0,0,0,0,0,0,0,1,1,1,396587,"SP","Carapicuíba"
351070,0,0,0,0,0,0,0,1,1,1,12328,"SP","Cardoso"
351080,0,0,0,0,0,0,1,0,1,1,30144,"SP","Casa Branca"
351090,0,0,0,0,0,0,1,0,1,1,2591,"SP","Cássia dos Coqueiros"
351100,0,0,1,0,0,0,0,0,1,1,20362,"SP","Castilho"
351110,0,0,1,0,0,0,0,0,1,1,120691,"SP","Catanduva"
351120,0,0,0,0,1,0,0,0,1,1,7700,"SP","Catiguá"
351130,0,0,0,0,1,0,0,0,1,1,8971,"SP","Cedral"
351140,0,0,0,0,1,0,0,0,1,1,19495,"SP","Cerqueira César"
351150,0,1,0,0,0,0,0,0,1,1,46733,"SP","Cerquilho"
351160,0,0,0,0,1,0,0,0,1,1,17587,"SP","Cesário Lange"
351170,0,0,0,0,0,0,1,0,1,1,16772,"SP","Charqueada"
351190,0,0,0,0,0,0,0,1,1,1,8254,"SP","Clementina"
351210,0,0,1,0,0,0,0,0,1,1,6225,"SP","Colômbia"
351220,0,0,1,0,0,0,0,0,1,1,27554,"SP","Conchal"
351230,0,0,0,0,0,0,1,0,1,1,17638,"SP","Conchas"
351240,0,0,0,0,0,1,0,0,1,1,23793,"SP","Cordeirópolis"
351250,0,0,0,0,1,0,0,0,1,1,5885,"SP","Coroados"
351260,0,0,0,0,0,0,1,0,1,1,4840,"SP","Coronel Macedo"
351270,0,1,0,0,0,0,0,0,1,1,4054,"SP","Corumbataí"
351290,0,0,0,0,1,0,0,0,1,1,7374,"SP","Cosmorama"
351300,0,0,0,0,0,0,1,0,1,1,237750,"SP","Cotia"
351320,0,0,0,0,1,0,0,0,1,1,8424,"SP","Cristais Paulista"
351330,0,0,0,0,0,0,1,0,1,1,2161,"SP","Cruzália"
351380,1,0,0,0,0,0,0,0,1,1,417869,"SP","Diadema"
351385,0,0,0,0,0,0,1,0,1,1,1785,"SP","Dirce Reis"
351390,0,0,0,0,0,0,1,0,1,1,11384,"SP","Divinolândia"
351420,0,0,0,0,0,0,1,0,1,1,2136,"SP","Dolcinópolis"
351430,0,0,0,0,0,0,0,1,1,1,8909,"SP","Dourado"
351440,0,0,0,0,1,0,0,0,1,1,46324,"SP","Dracena"
351450,0,0,0,0,0,0,1,0,1,1,12549,"SP","Duartina"
351470,0,0,0,0,0,0,1,0,1,1,6247,"SP","Echaporã"
351500,0,0,1,0,0,0,0,0,1,1,267054,"SP","Embu das Artes"
351510,0,0,0,0,1,0,0,0,1,1,68270,"SP","Embu-Guaçu"
351518,0,1,0,0,0,0,0,0,1,1,44170,"SP","Espírito Santo do Pinhal"
351520,0,0,0,0,0,0,1,0,1,1,8466,"SP","Estrela d'Oeste"
351530,0,0,0,0,0,0,1,0,1,1,2769,"SP","Estrela do Norte"
351535,0,0,0,0,0,0,1,0,1,1,9559,"SP","Euclides da Cunha Paulista"
351540,0,0,0,0,1,0,0,0,1,1,16028,"SP","Fartura"
351550,0,0,0,0,1,0,0,0,1,1,68670,"SP","Fernandópolis"
351565,0,0,0,0,1,0,0,0,1,1,1691,"SP","Fernão"
351580,0,0,0,0,0,0,1,0,1,1,1571,"SP","Flora Rica"
351590,0,0,0,0,0,1,0,0,1,1,2982,"SP","Floreal"
351600,0,0,0,0,1,0,0,0,1,1,14282,"SP","Flórida Paulista"
351640,0,0,1,0,0,0,0,0,1,1,149502,"SP","Franco da Rocha"
351650,0,0,0,0,0,0,1,0,1,1,2791,"SP","Gabriel Monteiro"
351660,0,0,0,0,0,0,1,0,1,1,6776,"SP","Gália"
351670,0,0,0,0,1,0,0,0,1,1,44582,"SP","Garça"
351680,0,0,0,0,1,0,0,0,1,1,4683,"SP","Gastão Vidigal"
351685,0,0,0,0,0,0,1,0,1,1,4739,"SP","Gavião Peixoto"
351690,0,0,0,0,1,0,0,0,1,1,10951,"SP","General Salgado"
351720,0,0,0,0,0,0,1,0,1,1,11869,"SP","Guaiçara"
351740,0,0,0,0,0,0,0,1,1,1,40287,"SP","Guaíra"
351760,0,0,0,0,1,0,0,0,1,1,17640,"SP","Guapiara"
351780,0,0,1,0,0,0,0,0,1,1,8466,"SP","Guaraçaí"
351800,0,0,0,0,0,0,1,0,1,1,2017,"SP","Guarani d'Oeste"
351820,0,0,0,0,1,0,0,0,1,1,32654,"SP","Guararapes"
351830,1,0,0,0,0,0,0,0,1,1,28978,"SP","Guararema"
351840,0,0,0,0,0,0,1,0,1,1,120417,"SP","Guaratinguetá"
351850,0,0,0,0,0,0,1,0,1,1,17551,"SP","Guareí"
351870,0,0,0,0,0,0,1,0,1,1,315563,"SP","Guarujá"
351880,1,0,0,0,0,0,0,0,1,1,1349113,"SP","Guarulhos"
351890,0,0,0,0,1,0,0,0,1,1,5179,"SP","Guzolândia"
351905,0,0,1,0,0,0,0,0,1,1,14012,"SP","Holambra"
351920,0,0,0,0,1,0,0,0,1,1,6434,"SP","Iacri"
351925,0,0,0,0,1,0,0,0,1,1,8484,"SP","Iaras"
351930,0,0,0,0,0,1,0,0,1,1,34226,"SP","Ibaté"
351940,0,0,0,0,0,0,1,0,1,1,12096,"SP","Ibirá"
351960,0,0,0,0,0,0,0,1,1,1,58715,"SP","Ibitinga"
352010,0,0,1,0,0,0,0,0,1,1,30073,"SP","Igarapava"
352020,0,0,0,0,1,0,0,0,1,1,9443,"SP","Igaratá"
352030,0,0,0,0,0,0,1,0,1,1,30644,"SP","Iguape"
352040,0,0,0,0,0,0,1,0,1,1,33354,"SP","Ilhabela"
352050,0,0,0,0,0,0,1,0,1,1,239602,"SP","Indaiatuba"
352070,0,0,0,0,0,0,1,0,1,1,3951,"SP","Indiaporã"
352080,0,0,0,0,1,0,0,0,1,1,3933,"SP","Inúbia Paulista"
352090,0,0,0,0,0,1,0,0,1,1,14766,"SP","Ipaussu"
352115,0,1,0,0,0,0,0,0,1,1,5178,"SP","Ipiguá"
352130,0,0,1,0,0,0,0,0,1,1,15932,"SP","Ipuã"
352150,0,0,0,0,0,0,1,0,1,1,7878,"SP","Irapuã"
352160,0,0,0,0,0,0,0,1,1,1,8248,"SP","Irapuru"
352170,0,0,0,0,1,0,0,0,1,1,17879,"SP","Itaberá"
352180,0,0,1,0,0,0,0,0,1,1,26526,"SP","Itaí"
352200,0,0,0,0,0,0,0,1,1,1,3703,"SP","Itaju"
352210,0,0,0,0,0,0,1,0,1,1,98629,"SP","Itanhaém"
352215,0,0,0,0,0,0,1,0,1,1,3341,"SP","Itaóca"
352230,0,0,0,0,1,0,0,0,1,1,160070,"SP","Itapetininga"
352240,0,0,0,0,0,0,1,0,1,1,93570,"SP","Itapeva"
352250,0,0,0,0,1,0,0,0,1,1,229502,"SP","Itapevi"
352260,1,0,0,0,0,0,0,0,1,1,73844,"SP","Itapira"
352265,0,0,0,0,1,0,0,0,1,1,4186,"SP","Itapirapuã Paulista"
352270,0,0,0,0,0,0,1,0,1,1,42747,"SP","Itápolis"
352280,0,0,0,0,1,0,0,0,1,1,15165,"SP","Itaporanga"
352300,0,0,0,0,0,1,0,0,1,1,4802,"SP","Itapura"
352310,1,0,0,0,0,0,0,0,1,1,360657,"SP","Itaquaquecetuba"
352340,0,0,0,0,1,0,0,0,1,1,116503,"SP","Itatiba"
352350,0,0,1,0,0,0,0,0,1,1,20158,"SP","Itatinga"
352360,0,0,0,0,0,1,0,0,1,1,17589,"SP","Itirapina"
352380,0,0,1,0,0,0,0,0,1,1,7853,"SP","Itobi"
352390,0,1,0,0,0,0,0,0,1,1,170157,"SP","Itu"
352400,1,0,0,0,0,0,0,0,1,1,57031,"SP","Itupeva"
352410,1,0,0,0,0,0,0,0,1,1,41414,"SP","Ituverava"
352420,0,0,0,0,0,0,1,0,1,1,6917,"SP","Jaborandi"
352430,0,0,0,0,0,0,1,0,1,1,76563,"SP","Jaboticabal"
352440,0,1,0,0,0,0,0,0,1,1,229851,"SP","Jacareí"
352450,0,0,0,0,0,1,0,0,1,1,6728,"SP","Jaci"
352470,0,0,1,0,0,0,0,0,1,1,54204,"SP","Jaguariúna"
352480,0,0,0,0,1,0,0,0,1,1,49110,"SP","Jales"
352490,0,0,0,0,0,0,1,0,1,1,6305,"SP","Jambeiro"
352500,0,0,0,1,0,0,0,0,1,1,121492,"SP","Jandira"
352510,0,0,0,0,1,0,0,0,1,1,42904,"SP","Jardinópolis"
352520,0,0,0,0,1,0,0,0,1,1,28540,"SP","Jarinu"
352530,0,0,0,0,1,0,0,0,1,1,146338,"SP","Jaú"
352550,0,0,0,0,1,0,0,0,1,1,12947,"SP","Joanópolis"
352560,0,0,0,0,0,0,1,0,1,1,4468,"SP","João Ramalho"
352585,0,0,1,0,0,0,0,0,1,1,3237,"SP","Jumirim"
352590,0,0,1,0,0,0,0,0,1,1,409497,"SP","Jundiaí"
352600,0,0,0,0,1,0,0,0,1,1,20353,"SP","Junqueirópolis"
352620,0,0,1,0,0,0,0,0,1,1,31027,"SP","Juquitiba"
352630,0,0,0,0,0,0,1,0,1,1,4943,"SP","Lagoinha"
352640,0,0,0,0,1,0,0,0,1,1,27890,"SP","Laranjal Paulista"
352650,0,0,0,0,0,0,1,0,1,1,11156,"SP","Lavínia"
352660,0,0,0,0,0,0,1,0,1,1,7150,"SP","Lavrinhas"
352670,0,1,0,0,0,0,0,0,1,1,101184,"SP","Leme"
352680,0,0,1,0,0,0,0,0,1,1,67185,"SP","Lençóis Paulista"
352700,0,0,0,0,0,1,0,0,1,1,7695,"SP","Lindóia"
352710,0,0,0,0,0,0,1,0,1,1,77021,"SP","Lins"
352720,0,0,0,0,1,0,0,0,1,1,87980,"SP","Lorena"
352725,1,0,0,0,0,0,0,0,1,1,2270,"SP","Lourdes"
352730,0,0,0,0,0,1,0,0,1,1,45922,"SP","Louveira"
352740,0,0,0,0,0,0,1,0,1,1,21461,"SP","Lucélia"
352750,1,0,0,0,0,0,0,0,1,1,2381,"SP","Lucianópolis"
352760,0,0,0,0,0,1,0,0,1,1,14021,"SP","Luís Antônio"
352770,0,0,0,0,0,0,1,0,1,1,5633,"SP","Luiziânia"
352780,0,0,0,0,0,0,1,0,1,1,4573,"SP","Lupércio"
352800,0,0,0,0,1,0,0,0,1,1,17111,"SP","Macatuba"
352810,0,1,0,0,0,0,0,0,1,1,8086,"SP","Macaubal"
352820,0,0,0,0,0,0,1,0,1,1,3736,"SP","Macedônia"
352830,0,0,0,0,1,0,0,0,1,1,3185,"SP","Magda"
352840,1,0,0,0,0,0,0,0,1,1,46567,"SP","Mairinque"
352850,0,0,0,0,0,0,1,0,1,1,95601,"SP","Mairiporã"
352860,0,0,0,0,1,0,0,0,1,1,9714,"SP","Manduri"
352870,0,0,0,0,0,0,1,0,1,1,5611,"SP","Marabá Paulista"
352890,0,0,0,0,0,0,1,0,1,1,4087,"SP","Mariápolis"
352900,0,0,0,0,0,1,0,0,1,1,235234,"SP","Marília"
352910,0,0,0,0,1,0,0,0,1,1,2140,"SP","Marinópolis"
352930,0,0,0,0,0,1,0,0,1,1,82307,"SP","Matão"
352940,0,0,0,0,0,0,0,1,1,1,462005,"SP","Mauá"
352960,0,0,0,0,1,0,0,0,1,1,3892,"SP","Meridiano"
352965,0,0,0,0,0,0,1,0,1,1,1926,"SP","Mesópolis"
352980,0,0,0,0,1,0,0,0,1,1,12812,"SP","Mineiros do Tietê"
353000,0,0,0,0,0,0,1,0,1,1,3045,"SP","Mira Estrela"
353010,1,0,0,0,0,0,0,0,1,1,29315,"SP","Mirandópolis"
353020,0,0,0,0,1,0,0,0,1,1,18130,"SP","Mirante do Paranapanema"
353030,0,0,0,0,0,1,0,0,1,1,58760,"SP","Mirassol"
353040,0,1,0,0,0,0,0,0,1,1,4758,"SP","Mirassolândia"
353050,0,0,0,0,0,1,0,0,1,1,68994,"SP","Mococa"
353060,1,0,0,0,0,0,0,0,1,1,433901,"SP","Mogi das Cruzes"
353070,0,0,1,0,0,0,0,0,1,1,149396,"SP","Mogi Guaçu"
353080,1,0,0,0,0,0,0,0,1,1,92365,"SP","Mogi Mirim"
353100,0,0,0,0,0,0,1,0,1,1,2249,"SP","Monções"
353110,0,0,0,0,0,0,0,1,1,1,54257,"SP","Mongaguá"
353130,0,0,0,0,1,0,0,0,1,1,49979,"SP","Monte Alto"
353140,0,0,0,0,0,0,1,0,1,1,24393,"SP","Monte Aprazível"
353150,0,0,0,0,0,0,1,0,1,1,19234,"SP","Monte Azul Paulista"
353160,0,0,0,0,1,0,0,0,1,1,4190,"SP","Monte Castelo"
353170,0,0,0,0,0,0,1,0,1,1,4549,"SP","Monteiro Lobato"
353180,0,0,0,0,0,1,0,0,1,1,57240,"SP","Monte Mor"
353190,0,0,1,0,0,0,0,0,1,1,32220,"SP","Morro Agudo"
353240,0,0,0,0,0,0,1,0,1,1,18121,"SP","Nazaré Paulista"
353250,0,0,0,0,1,0,0,0,1,1,8999,"SP","Neves Paulista"
353260,0,0,0,0,1,0,0,0,1,1,11398,"SP","Nhandeara"
353280,0,1,0,0,0,0,0,0,1,1,6733,"SP","Nova Aliança"
353282,0,0,0,0,0,0,0,1,1,1,9504,"SP","Nova Campina"
353284,0,0,0,0,0,0,1,0,1,1,1978,"SP","Nova Canaã Paulista"
353286,0,0,1,0,0,0,0,0,1,1,1239,"SP","Nova Castilho"
353290,0,0,0,0,0,0,1,0,1,1,10755,"SP","Nova Europa"
353300,0,0,0,0,0,0,1,0,1,1,21071,"SP","Nova Granada"
353310,0,0,0,0,1,0,0,0,1,1,2304,"SP","Nova Guataporanga"
353320,0,0,1,0,0,0,0,0,1,1,3745,"SP","Nova Independência"
353330,0,0,0,0,1,0,0,0,1,1,3953,"SP","Nova Luzitânia"
353340,0,1,0,0,0,0,0,0,1,1,58227,"SP","Nova Odessa"
353370,0,0,0,0,0,0,1,0,1,1,4308,"SP","Ocauçu"
353390,0,0,1,0,0,0,0,0,1,1,54037,"SP","Olímpia"
353400,0,0,0,0,0,0,1,0,1,1,4286,"SP","Onda Verde"
353420,0,0,0,0,1,0,0,0,1,1,6731,"SP","Orindiúva"
353440,0,0,0,0,0,0,1,0,1,1,697886,"SP","Osasco"
353450,0,0,0,0,1,0,0,0,1,1,2616,"SP","Oscar Bressane"
353460,0,0,0,0,0,0,1,0,1,1,32709,"SP","Osvaldo Cruz"
353470,0,0,0,0,0,0,1,0,1,1,111813,"SP","Ourinhos"
353475,0,0,0,0,0,0,1,0,1,1,9897,"SP","Ouroeste"
353490,0,0,0,0,0,0,0,1,1,1,14086,"SP","Pacaembu"
353500,0,0,0,0,1,0,0,0,1,1,12542,"SP","Palestina"
353510,0,0,0,0,0,0,1,0,1,1,12730,"SP","Palmares Paulista"
353520,0,0,0,0,0,0,1,0,1,1,9496,"SP","Palmeira d'Oeste"
353530,0,0,1,0,0,0,0,0,1,1,22196,"SP","Palmital"
353560,0,1,0,0,0,0,0,0,1,1,18206,"SP","Paraibuna"
353570,0,0,0,0,1,0,0,0,1,1,6369,"SP","Paraíso"
353580,1,0,0,0,0,0,0,0,1,1,19730,"SP","Paranapanema"
353590,0,0,0,0,0,0,1,0,1,1,4051,"SP","Paranapuã"
353600,0,0,0,0,1,0,0,0,1,1,11073,"SP","Parapuã"
353610,0,0,0,0,0,0,1,0,1,1,6259,"SP","Pardinho"
353625,1,0,0,0,0,0,0,0,1,1,2150,"SP","Parisi"
353630,0,0,0,0,1,0,0,0,1,1,14351,"SP","Patrocínio Paulista"
353640,0,0,0,0,1,0,0,0,1,1,7147,"SP","Paulicéia"
353650,0,1,0,0,0,0,0,0,1,1,102499,"SP","Paulínia"
353657,0,0,0,0,0,0,1,0,1,1,1841,"SP","Paulistânia"
353670,1,0,0,0,0,0,0,0,1,1,45708,"SP","Pederneiras"
353690,0,0,0,0,0,0,1,0,1,1,2547,"SP","Pedranópolis"
353710,0,0,0,0,0,0,0,1,1,1,46598,"SP","Pedreira"
353720,0,0,0,0,1,0,0,0,1,1,11136,"SP","Pedro de Toledo"
353730,0,0,0,0,0,1,0,0,1,1,62738,"SP","Penápolis"
353740,0,0,0,0,0,0,1,0,1,1,25790,"SP","Pereira Barreto"
353770,0,0,0,0,1,0,0,0,1,1,5846,"SP","Piacatu"
353780,0,0,0,0,0,0,1,0,1,1,55092,"SP","Piedade"
353800,0,0,0,0,1,0,0,0,1,1,164000,"SP","Pindamonhangaba"
353830,0,0,0,0,0,0,1,0,1,1,3693,"SP","Piquerobi"
353850,0,0,0,0,0,0,1,0,1,1,13976,"SP","Piquete"
353870,0,0,1,0,0,0,0,0,1,1,397322,"SP","Piracicaba"
353880,0,0,0,0,0,0,1,0,1,1,29790,"SP","Piraju"
353900,0,0,0,0,0,1,0,0,1,1,11323,"SP","Pirangi"
353910,0,0,0,0,0,0,1,0,1,1,18174,"SP","Pirapora do Bom Jesus"
353930,0,1,0,0,0,0,0,0,1,1,75474,"SP","Pirassununga"
353940,0,0,1,0,0,0,0,0,1,1,13335,"SP","Piratininga"
353980,1,0,0,0,0,0,0,0,1,1,115488,"SP","Poá"
354000,0,0,0,0,1,0,0,0,1,1,21674,"SP","Pompéia"
354010,0,0,0,0,1,0,0,0,1,1,3480,"SP","Pongaí"
354020,0,0,1,0,0,0,0,0,1,1,47638,"SP","Pontal"
354025,0,0,0,0,0,0,1,0,1,1,4519,"SP","Pontalinda"
354030,0,0,0,0,0,0,1,0,1,1,2594,"SP","Pontes Gestal"
354040,0,0,0,0,0,0,1,0,1,1,4240,"SP","Populina"
354050,0,0,0,0,0,0,1,0,1,1,9565,"SP","Porangaba"
354060,0,1,0,0,0,0,0,0,1,1,52507,"SP","Porto Feliz"
354070,0,0,0,0,0,1,0,0,1,1,55432,"SP","Porto Ferreira"
354080,0,1,0,0,0,0,0,0,1,1,17002,"SP","Potirendaba"
354085,0,0,0,0,0,0,1,0,1,1,3768,"SP","Pracinha"
354100,0,0,0,0,0,0,1,0,1,1,310024,"SP","Praia Grande"
354105,0,0,0,0,0,0,1,0,1,1,5126,"SP","Pratânia"
354110,0,0,0,0,0,0,1,0,1,1,4155,"SP","Presidente Alves"
354130,0,0,0,0,1,0,0,0,1,1,43897,"SP","Presidente Epitácio"
354140,0,0,0,0,0,1,0,0,1,1,225271,"SP","Presidente Prudente"
354150,0,0,0,0,0,1,0,0,1,1,39544,"SP","Presidente Venceslau"
354160,0,0,0,0,0,0,1,0,1,1,39506,"SP","Promissão"
354165,0,0,0,0,0,0,1,0,1,1,3680,"SP","Quadra"
354170,0,0,0,0,0,0,1,0,1,1,13893,"SP","Quatá"
354180,0,0,0,0,0,0,1,0,1,1,3267,"SP","Queiroz"
354200,0,0,0,0,0,0,1,0,1,1,6530,"SP","Quintana"
354210,0,0,0,0,0,0,1,0,1,1,9054,"SP","Rafard"
354230,0,0,0,0,0,0,1,0,1,1,3908,"SP","Redenção da Serra"
354240,0,1,0,0,0,0,0,0,1,1,19985,"SP","Regente Feijó"
354250,0,0,1,0,0,0,0,0,1,1,9042,"SP","Reginópolis"
354260,0,0,0,0,0,0,1,0,1,1,56430,"SP","Registro"
354280,0,0,0,0,1,0,0,0,1,1,3390,"SP","Ribeira"
354290,0,0,0,0,0,0,1,0,1,1,13060,"SP","Ribeirão Bonito"
354300,0,0,0,0,1,0,0,0,1,1,17220,"SP","Ribeirão Branco"
354325,0,0,0,0,0,0,1,0,1,1,7697,"SP","Ribeirão Grande"
354330,0,0,0,0,1,0,0,0,1,1,121848,"SP","Ribeirão Pires"
354340,1,0,0,0,0,0,0,0,1,1,682302,"SP","Ribeirão Preto"
354350,0,0,0,0,0,0,1,0,1,1,5792,"SP","Riversul"
354380,0,0,0,0,0,0,1,0,1,1,10098,"SP","Rinópolis"
354390,0,0,0,0,1,0,0,0,1,1,202952,"SP","Rio Claro"
354400,0,0,0,0,0,0,1,0,1,1,33935,"SP","Rio das Pedras"
354410,0,0,1,0,0,0,0,0,1,1,49408,"SP","Rio Grande da Serra"
354420,0,0,0,0,0,1,0,0,1,1,12086,"SP","Riolândia"
354425,0,0,0,0,0,0,1,0,1,1,17795,"SP","Rosana"
354430,0,1,0,0,0,0,0,0,1,1,10512,"SP","Roseira"
354440,0,0,0,0,0,0,1,0,1,1,3046,"SP","Rubiácea"
354450,0,0,0,0,0,0,1,0,1,1,3102,"SP","Rubinéia"
354460,0,0,0,0,0,0,1,0,1,1,5549,"SP","Sabino"
354470,0,0,0,0,0,0,1,0,1,1,2453,"SP","Sagres"
354490,0,0,0,0,0,1,0,0,1,1,11641,"SP","Sales Oliveira"
354500,0,0,0,0,0,0,1,0,1,1,16903,"SP","Salesópolis"
354510,1,0,0,0,0,0,0,0,1,1,5222,"SP","Salmourão"
354515,0,0,0,0,0,1,0,0,1,1,8019,"SP","Saltinho"
354560,0,0,1,0,0,0,0,0,1,1,15331,"SP","Santa Adélia"
354570,0,1,0,0,0,0,0,0,1,1,5999,"SP","Santa Albertina"
354580,0,0,0,0,0,0,1,0,1,1,191889,"SP","Santa Bárbara d'Oeste"
354600,0,0,0,1,0,0,0,0,1,1,14667,"SP","Santa Branca"
354610,0,0,0,0,1,0,0,0,1,1,2134,"SP","Santa Clara d'Oeste"
354620,0,0,0,0,0,0,1,0,1,1,4409,"SP","Santa Cruz da Conceição"
354630,0,0,0,0,1,0,0,0,1,1,33455,"SP","Santa Cruz das Palmeiras"
354640,0,0,0,0,0,0,1,0,1,1,47148,"SP","Santa Cruz do Rio Pardo"
354680,0,0,1,0,0,0,0,0,1,1,56014,"SP","Santa Isabel"
354700,0,0,1,0,0,0,0,0,1,1,6021,"SP","Santa Maria da Serra"
354710,0,0,0,0,1,0,0,0,1,1,2945,"SP","Santa Mercedes"
354720,0,0,0,0,1,0,0,0,1,1,1555,"SP","Santana da Ponte Pensa"
354730,0,1,0,0,0,0,0,0,1,1,131887,"SP","Santana de Parnaíba"
354740,0,0,0,1,0,0,0,0,1,1,2544,"SP","Santa Rita d'Oeste"
354750,0,0,0,0,0,1,0,0,1,1,27590,"SP","Santa Rita do Passa Quatro"
354765,0,0,0,0,1,0,0,0,1,1,1536,"SP","Santa Salete"
354770,0,0,0,0,0,0,1,0,1,1,21030,"SP","Santo Anastácio"
354780,1,0,0,0,0,0,0,0,1,1,715231,"SP","Santo André"
354805,0,0,1,0,0,0,0,0,1,1,8285,"SP","Santo Antônio do Aracanguá"
354810,0,0,1,0,0,0,0,0,1,1,6029,"SP","Santo Antônio do Jardim"
354820,0,0,0,0,1,0,0,0,1,1,6800,"SP","Santo Antônio do Pinhal"
354840,0,0,0,0,0,0,1,0,1,1,4687,"SP","Santópolis do Aguapeí"
354860,0,0,0,0,0,0,1,0,1,1,10895,"SP","São Bento do Sapucaí"
354870,1,0,0,0,0,0,0,0,1,1,827437,"SP","São Bernardo do Campo"
354890,0,0,0,0,0,1,0,0,1,1,246088,"SP","São Carlos"
354900,0,0,0,0,0,0,1,0,1,1,2850,"SP","São Francisco"
354910,0,1,0,0,0,0,0,0,1,1,90089,"SP","São João da Boa Vista"
354920,0,0,0,0,1,0,0,0,1,1,2601,"SP","São João das Duas Pontes"
354925,0,0,1,0,0,0,0,0,1,1,1904,"SP","São João de Iracema"
354940,0,0,0,0,0,0,1,0,1,1,50921,"SP","São Joaquim da Barra"
354970,1,0,0,0,0,0,0,0,1,1,54734,"SP","São José do Rio Pardo"
354980,0,0,1,0,0,0,0,0,1,1,450657,"SP","São José do Rio Preto"
354990,1,0,0,0,0,0,0,0,1,1,703219,"SP","São José dos Campos"
354995,0,0,0,0,0,0,1,0,1,1,15465,"SP","São Lourenço da Serra"
355000,0,0,0,0,0,0,1,0,1,1,10740,"SP","São Luís do Paraitinga"
355010,0,0,0,0,1,0,0,0,1,1,40692,"SP","São Manuel"
355020,0,0,0,0,0,0,1,0,1,1,32910,"SP","São Miguel Arcanjo"
355030,1,0,0,0,0,0,0,0,1,1,12106920,"SP","São Paulo"
355060,0,0,0,0,0,0,1,0,1,1,88473,"SP","São Roque"
355080,0,0,1,0,0,0,0,0,1,1,12317,"SP","São Sebastião da Grama"
355090,0,0,0,0,0,1,0,0,1,1,15225,"SP","São Simão"
355110,0,0,0,0,0,0,0,1,1,1,10034,"SP","Sarapuí"
355120,0,0,0,0,1,0,0,0,1,1,3681,"SP","Sarutaiá"
355130,1,0,0,0,0,0,0,0,1,1,3411,"SP","Sebastianópolis do Sul"
355160,0,0,0,0,0,0,1,0,1,1,28742,"SP","Serra Negra"
355170,0,1,0,0,0,0,0,0,1,1,122643,"SP","Sertãozinho"
355190,0,0,0,0,1,0,0,0,1,1,17115,"SP","Severínia"
355210,0,0,0,0,0,1,0,0,1,1,40220,"SP","Socorro"
355220,0,1,0,0,0,0,0,0,1,1,659871,"SP","Sorocaba"
355230,0,0,0,0,1,0,0,0,1,1,7733,"SP","Sud Mennucci"
355240,1,0,0,0,0,0,0,0,1,1,273007,"SP","Sumaré"
355250,0,0,1,0,0,0,0,0,1,1,290769,"SP","Suzano"
355255,0,1,0,0,0,0,0,0,1,1,3836,"SP","Suzanápolis"
355260,0,0,0,0,0,0,1,0,1,1,12251,"SP","Tabapuã"
355280,0,1,0,0,0,0,0,0,1,1,279634,"SP","Taboão da Serra"
355300,0,0,0,0,1,0,0,0,1,1,13111,"SP","Taguaí"
355320,0,0,0,0,1,0,0,0,1,1,5603,"SP","Taiúva"
355330,0,0,0,0,0,0,1,0,1,1,23267,"SP","Tambaú"
355360,1,0,0,0,0,0,0,0,1,1,13062,"SP","Tapiratiba"
355365,0,0,0,0,0,1,0,0,1,1,2823,"SP","Taquaral"
355370,0,0,0,0,0,1,0,0,1,1,56951,"SP","Taquaritinga"
355380,0,0,0,0,0,0,0,1,1,1,23240,"SP","Taquarituba"
355385,0,0,0,0,1,0,0,0,1,1,5715,"SP","Taquarivaí"
355400,0,0,0,0,1,0,0,0,1,1,118939,"SP","Tatuí"
355410,0,0,0,0,0,1,0,0,1,1,307953,"SP","Taubaté"
355430,0,0,0,0,1,0,0,0,1,1,22914,"SP","Teodoro Sampaio"
355440,0,0,0,0,1,0,0,0,1,1,9227,"SP","Terra Roxa"
355450,0,0,0,0,1,0,0,0,1,1,41022,"SP","Tietê"
355465,0,0,0,0,1,0,0,0,1,1,2395,"SP","Torre de Pedra"
355470,0,0,0,0,0,0,1,0,1,1,9934,"SP","Torrinha"
355480,0,0,0,0,0,0,1,0,1,1,45904,"SP","Tremembé"
355490,0,0,0,0,0,0,1,0,1,1,5767,"SP","Três Fronteiras"
355500,0,0,0,0,0,0,1,0,1,1,65758,"SP","Tupã"
355520,1,0,0,0,0,0,0,0,1,1,2016,"SP","Turiúba"
355530,0,0,0,0,1,0,0,0,1,1,1827,"SP","Turmalina"
355535,0,0,0,0,0,0,0,1,1,1,6080,"SP","Ubarana"
355550,0,0,0,0,0,0,1,0,1,1,4734,"SP","Ubirajara"
355580,0,1,0,0,0,0,0,0,1,1,9148,"SP","Urânia"
355590,0,0,0,0,1,0,0,0,1,1,1207,"SP","Uru"
355610,0,0,0,0,1,0,0,0,1,1,12800,"SP","Valentim Gentil"
355620,0,0,1,0,0,0,0,0,1,1,124024,"SP","Valinhos"
355640,0,1,0,0,0,0,0,0,1,1,42310,"SP","Vargem Grande do Sul"
355645,0,0,0,0,0,1,0,0,1,1,50346,"SP","Vargem Grande Paulista"
355650,0,0,0,0,1,0,0,0,1,1,118917,"SP","Várzea Paulista"
355660,0,0,0,0,1,0,0,0,1,1,10963,"SP","Vera Cruz"
355670,1,0,0,0,0,0,0,0,1,1,75129,"SP","Vinhedo"
355680,0,0,0,0,0,0,1,0,1,1,18654,"SP","Viradouro"
355690,0,0,0,0,1,0,0,0,1,1,8335,"SP","Vista Alegre do Alto"
355695,0,0,0,0,0,0,1,0,1,1,1833,"SP","Vitória Brasil"
355710,0,0,0,0,0,0,1,0,1,1,92768,"SP","Votuporanga"
355715,0,0,0,0,0,0,1,0,1,1,2636,"SP","Zacarias"
355730,0,0,1,0,0,0,0,0,1,1,11067,"SP","Estiva Gerbi"
410020,0,0,0,0,0,0,0,1,1,1,6254,"PR","Adrianópolis"
410030,0,0,0,0,0,0,1,0,1,1,9161,"PR","Agudos do Sul"
410040,0,0,0,0,0,0,1,0,1,1,115364,"PR","Almirante Tamandaré"
410120,1,0,0,0,0,0,0,0,1,1,19420,"PR","Antonina"
410160,0,0,0,0,0,0,0,1,1,1,27906,"PR","Arapoti"
410170,0,0,0,0,1,0,0,0,1,1,14098,"PR","Araruna"
410180,1,0,0,0,0,0,0,0,1,1,137452,"PR","Araucária"
410185,0,0,0,0,0,1,0,0,1,1,2301,"PR","Ariranha do Ivaí"
410210,1,0,0,0,0,0,0,0,1,1,26196,"PR","Astorga"
410304,0,1,0,0,0,0,0,0,1,1,6665,"PR","Boa Ventura de São Roque"
410310,1,0,0,0,0,0,0,0,1,1,12477,"PR","Bocaiúva do Sul"
410315,0,0,0,0,0,1,0,0,1,1,3733,"PR","Bom Jesus do Sul"
410322,0,0,0,0,0,0,1,0,1,1,3358,"PR","Bom Sucesso do Sul"
410360,0,0,0,0,0,0,0,1,1,1,25401,"PR","Cambará"
410370,0,0,0,0,0,0,1,0,1,1,105347,"PR","Cambé"
410400,0,0,0,0,1,0,0,0,1,1,42547,"PR","Campina Grande do Sul"
410410,0,0,0,0,0,0,1,0,1,1,7829,"PR","Campo do Tenente"
410420,0,0,0,0,0,0,1,0,1,1,127309,"PR","Campo Largo"
410425,0,0,0,0,0,0,1,0,1,1,28244,"PR","Campo Magro"
410430,0,0,0,0,1,0,0,0,1,1,94153,"PR","Campo Mourão"
410450,0,0,0,0,0,0,1,0,1,1,19364,"PR","Capanema"
410480,0,0,0,0,1,0,0,0,1,1,319608,"PR","Cascavel"
410520,0,0,0,0,0,0,1,0,1,1,17885,"PR","Cerro Azul"
410540,0,0,0,0,0,0,1,0,1,1,19911,"PR","Chopinzinho"
410560,0,0,0,0,0,1,0,0,1,1,12326,"PR","Cidade Gaúcha"
410570,0,0,0,0,0,0,1,0,1,1,17250,"PR","Clevelândia"
410580,0,0,0,0,0,0,1,0,1,1,237402,"PR","Colombo"
410610,0,0,0,0,0,0,0,1,1,1,3866,"PR","Conselheiro Mairinck"
410655,1,0,0,0,0,0,0,0,1,1,3617,"PR","Corumbataí do Sul"
410657,0,0,0,0,1,0,0,0,1,1,4369,"PR","Cruzeiro do Iguaçu"
410690,0,0,0,0,1,0,0,0,1,1,1908359,"PR","Curitiba"
410752,0,0,0,0,1,0,0,0,1,1,1852,"PR","Esperança Nova"
410760,0,0,0,0,0,0,1,0,1,1,17306,"PR","Faxinal"
410765,0,0,0,0,0,0,1,0,1,1,95225,"PR","Fazenda Rio Grande"
410773,0,0,0,0,0,0,1,0,1,1,5904,"PR","Fernandes Pinheiro"
410775,0,0,0,0,0,0,0,1,1,1,8177,"PR","Figueira"
410780,0,0,0,0,1,0,0,0,1,1,5103,"PR","Floraí"
410810,0,1,0,0,0,0,0,0,1,1,2697,"PR","Flórida"
410832,0,0,0,0,1,0,0,0,1,1,6350,"PR","Francisco Alves"
410845,0,0,0,0,0,0,1,0,1,1,5079,"PR","Foz do Jordão"
410860,0,0,0,0,1,0,0,0,1,1,29664,"PR","Goioerê"
410900,0,0,0,0,0,0,0,1,1,1,3934,"PR","Guapirama"
410910,0,0,0,0,1,0,0,0,1,1,2292,"PR","Guaporema"
410960,0,0,0,0,0,0,1,0,1,1,35986,"PR","Guaratuba"
410965,1,0,0,0,0,0,0,0,1,1,5643,"PR","Honório Serpa"
410970,0,0,0,0,0,0,1,0,1,1,31095,"PR","Ibaiti"
411010,0,0,0,0,1,0,0,0,1,1,31719,"PR","Imbituva"
411040,0,0,0,0,0,1,0,0,1,1,4504,"PR","Indianópolis"
411080,0,0,0,0,0,1,0,0,1,1,10608,"PR","Iretama"
411095,0,0,0,0,0,0,1,0,1,1,10587,"PR","Itaipulândia"
411110,0,0,0,0,0,1,0,0,1,1,6210,"PR","Itambé"
411140,0,0,0,0,0,0,1,0,1,1,13797,"PR","Ivaí"
411160,0,0,0,0,0,1,0,0,1,1,3240,"PR","Ivatuba"
411170,0,0,0,0,0,0,0,1,1,1,5255,"PR","Jaboti"
411180,0,0,0,0,0,0,0,1,1,1,40263,"PR","Jacarezinho"
411200,1,0,0,0,0,0,0,0,1,1,34822,"PR","Jaguariaíva"
411220,0,0,0,0,0,1,0,0,1,1,5897,"PR","Janiópolis"
411240,1,0,0,0,0,0,0,0,1,1,9307,"PR","Japurá"
411260,0,1,0,0,0,0,0,0,1,1,1396,"PR","Jardim Olinda"
411280,0,0,0,0,0,0,0,1,1,1,11731,"PR","Joaquim Távora"
411295,1,0,0,0,0,0,0,0,1,1,7650,"PR","Juranda"
411330,0,0,0,0,0,0,1,0,1,1,32379,"PR","Laranjeiras do Sul"
411340,0,0,0,0,0,0,1,0,1,1,4131,"PR","Leópolis"
411345,0,0,0,0,0,0,1,0,1,1,5071,"PR","Lindoeste"
411360,0,1,0,0,0,0,0,0,1,1,4751,"PR","Lobato"
411373,0,0,0,0,0,1,0,0,1,1,7455,"PR","Luiziana"
411375,0,0,0,0,0,1,0,0,1,1,5063,"PR","Lunardelli"
411390,0,0,0,0,1,0,0,0,1,1,13738,"PR","Mallet"
411400,0,0,0,0,0,0,1,0,1,1,13798,"PR","Mamborê"
411410,0,0,0,0,1,0,0,0,1,1,22164,"PR","Mandaguaçu"
411430,0,0,0,0,0,0,1,0,1,1,25662,"PR","Mandirituba"
411440,0,0,0,0,0,1,0,0,1,1,17269,"PR","Mangueirinha"
411550,0,1,0,0,0,0,0,0,1,1,4765,"PR","Marumbi"
411560,0,0,0,0,0,0,1,0,1,1,17640,"PR","Matelândia"
411580,0,0,0,0,0,0,1,0,1,1,45586,"PR","Medianeira"
411620,0,0,0,0,0,0,1,0,1,1,16540,"PR","Morretes"
411660,0,0,0,0,0,0,1,0,1,1,3545,"PR","Nova América da Colina"
411740,0,0,0,0,0,1,0,0,1,1,3494,"PR","Ourizona"
411760,0,0,0,0,0,0,1,0,1,1,48990,"PR","Palmas"
411810,0,0,0,0,1,0,0,0,1,1,11265,"PR","Paranacity"
411820,0,0,0,0,0,0,1,0,1,1,152975,"PR","Paranaguá"
411870,0,0,0,0,0,0,1,0,1,1,7360,"PR","Paulo Frontin"
411890,0,0,0,0,1,0,0,0,1,1,11101,"PR","Pérola"
411900,0,0,0,0,0,0,1,0,1,1,6674,"PR","Pérola d'Oeste"
411915,0,0,0,0,0,0,1,0,1,1,129445,"PR","Pinhais"
411920,0,0,0,0,0,0,0,1,1,1,6440,"PR","Pinhalão"
411925,0,0,0,0,0,0,1,0,1,1,2757,"PR","Pinhal de São Bento"
411930,0,0,0,0,0,0,1,0,1,1,32322,"PR","Pinhão"
411980,0,0,0,0,0,0,1,0,1,1,13889,"PR","Planalto"
411990,0,0,0,0,0,0,1,0,1,1,344332,"PR","Ponta Grossa"
412035,0,0,0,0,0,0,1,0,1,1,5477,"PR","Pranchita"
412040,0,1,0,0,0,0,0,0,1,1,5227,"PR","Presidente Castelo Branco"
412060,0,0,0,0,0,0,1,0,1,1,52125,"PR","Prudentópolis"
412120,0,0,0,0,0,0,1,0,1,1,18733,"PR","Quitandinha"
412125,0,0,0,0,1,0,0,0,1,1,4435,"PR","Ramilândia"
412215,0,0,0,0,0,0,1,0,1,1,13552,"PR","Rio Bonito do Iguaçu"
412220,0,0,0,0,0,0,1,0,1,1,32504,"PR","Rio Branco do Sul"
412230,0,0,0,0,0,0,1,0,1,1,33857,"PR","Rio Negro"
412260,0,0,0,0,0,1,0,0,1,1,9581,"PR","Rondon"
412280,0,0,0,0,0,0,1,0,1,1,4003,"PR","Salgado Filho"
412290,0,0,0,0,1,0,0,0,1,1,5158,"PR","Salto do Itararé"
412300,0,0,0,0,0,0,1,0,1,1,14713,"PR","Salto do Lontra"
412340,0,0,0,0,0,1,0,0,1,1,11691,"PR","Santa Fé"
412410,0,0,0,0,0,0,0,1,1,1,45819,"PR","Santo Antônio da Platina"
412510,0,0,0,0,0,0,1,0,1,1,14927,"PR","São João do Triunfo"
412530,1,0,0,0,0,0,0,0,1,1,5676,"PR","São Jorge do Ivaí"
412550,0,0,0,0,1,0,0,0,1,1,307530,"PR","São José dos Pinhais"
412570,0,0,0,0,0,0,1,0,1,1,27461,"PR","São Miguel do Iguaçu"
412620,0,0,0,0,0,0,1,0,1,1,6905,"PR","Sapopema"
412627,0,0,0,0,0,0,1,0,1,1,5448,"PR","Saudade do Iguaçu"
412635,0,0,0,0,0,0,1,0,1,1,4637,"PR","Serranópolis do Iguaçu"
412680,0,1,0,0,0,0,0,0,1,1,15962,"PR","Tapejara"
412700,0,0,0,0,1,0,0,0,1,1,11834,"PR","Teixeira Soares"
412720,0,0,0,0,0,1,0,0,1,1,16991,"PR","Terra Boa"
412760,0,0,0,0,0,0,0,1,1,1,16348,"PR","Tijucas do Sul"
412790,1,0,0,0,0,0,0,0,1,1,8833,"PR","Tuneiras do Oeste"
412800,0,0,0,0,1,0,0,0,1,1,21762,"PR","Ubiratã"
412830,0,0,0,0,0,1,0,0,1,1,2614,"PR","Uniflor"
412855,0,0,0,0,0,0,1,0,1,1,8918,"PR","Vera Cruz do Oeste"
412860,0,0,0,0,0,0,1,0,1,1,7692,"PR","Verê"
412865,0,0,0,0,0,0,1,0,1,1,4095,"PR","Virmond"
412880,0,0,0,0,0,1,0,0,1,1,5957,"PR","Xambrê"
420040,0,0,0,0,1,0,0,0,1,1,7154,"SC","Água Doce"
420055,0,0,0,0,1,0,0,0,1,1,2387,"SC","Águas Frias"
420100,0,0,0,0,1,0,0,0,1,1,7537,"SC","Anita Garibaldi"
420130,0,0,0,0,1,0,0,0,1,1,35268,"SC","Araquari"
420140,0,0,1,0,0,0,0,0,1,1,67110,"SC","Araranguá"
420150,0,0,0,0,1,0,0,0,1,1,8520,"SC","Armazém"
420160,0,0,0,0,1,0,0,0,1,1,3564,"SC","Arroio Trinta"
420200,0,0,0,0,1,0,0,0,1,1,135268,"SC","Balneário Camboriú"
420207,1,0,0,0,0,0,0,0,1,1,10413,"SC","Balneário Gaivota"
420208,0,0,0,0,1,0,0,0,1,1,2751,"SC","Bandeirante"
420209,0,0,0,0,1,0,0,0,1,1,1739,"SC","Barra Bonita"
420220,0,0,0,0,1,0,0,0,1,1,11425,"SC","Benedito Novo"
420240,0,0,1,0,0,0,0,0,1,1,348513,"SC","Blumenau"
420243,0,0,0,0,1,0,0,0,1,1,3456,"SC","Bocaina do Sul"
420250,0,0,0,0,1,0,0,0,1,1,4694,"SC","Bom Jardim da Serra"
420257,0,0,0,0,1,0,0,0,1,1,2151,"SC","Bom Jesus do Oeste"
420260,0,0,0,0,1,0,0,0,1,1,9796,"SC","Bom Retiro"
420280,0,0,0,0,1,0,0,0,1,1,32648,"SC","Braço do Norte"
420285,1,0,0,0,0,0,0,0,1,1,3709,"SC","Braço do Trombudo"
420290,0,0,1,0,0,0,0,0,1,1,128818,"SC","Brusque"
420300,0,0,0,0,1,0,0,0,1,1,77323,"SC","Caçador"
420310,0,0,0,0,1,0,0,0,1,1,6213,"SC","Caibi"
420340,0,0,0,0,1,0,0,0,1,1,7177,"SC","Campo Belo do Sul"
420350,0,0,0,0,1,0,0,0,1,1,8787,"SC","Campo Erê"
420370,0,0,0,0,0,0,1,0,1,1,11944,"SC","Canelinha"
420380,0,0,0,0,1,0,0,0,1,1,54403,"SC","Canoinhas"
420390,0,0,0,0,1,0,0,0,1,1,22524,"SC","Capinzal"
420400,0,0,0,0,1,0,0,0,1,1,10632,"SC","Catanduvas"
420417,0,0,0,0,1,0,0,0,1,1,3254,"SC","Cerro Negro"
420419,0,0,0,0,1,0,0,0,1,1,2953,"SC","Chapadão do Lageado"
420425,0,0,0,0,1,0,0,0,1,1,16446,"SC","Cocal do Sul"
420430,0,0,0,0,1,0,0,0,1,1,73766,"SC","Concórdia"
420445,0,0,0,0,1,0,0,0,1,1,2548,"SC","Coronel Martins"
420455,0,0,0,0,1,0,0,0,1,1,13358,"SC","Correia Pinto"
420470,0,0,0,0,1,0,0,0,1,1,11057,"SC","Cunha Porã"
420475,0,0,0,0,1,0,0,0,1,1,1955,"SC","Cunhataí"
420480,0,0,0,0,1,0,0,0,1,1,39566,"SC","Curitibanos"
420500,0,0,0,0,1,0,0,0,1,1,15450,"SC","Dionísio Cerqueira"
420515,0,0,0,0,1,0,0,0,1,1,4043,"SC","Doutor Pedrinho"
420545,0,0,0,0,1,0,0,0,1,1,25988,"SC","Forquilhinha"
420550,0,0,1,0,0,0,0,0,1,1,36261,"SC","Fraiburgo"
420560,0,0,0,0,0,0,0,1,1,1,3058,"SC","Galvão"
420570,0,0,0,0,1,0,0,0,1,1,22082,"SC","Garopaba"
420590,0,0,0,0,1,0,0,0,1,1,67392,"SC","Gaspar"
420610,0,0,0,0,0,0,1,0,1,1,6537,"SC","Grão Pará"
420650,0,0,1,0,0,0,0,0,1,1,42872,"SC","Guaramirim"
420660,0,0,0,0,1,0,0,0,1,1,5139,"SC","Guarujá do Sul"
420665,0,0,0,0,1,0,0,0,1,1,4733,"SC","Guatambú"
420670,0,0,1,0,0,0,0,0,1,1,22443,"SC","Herval d'Oeste"
420675,0,0,0,0,1,0,0,0,1,1,1967,"SC","Ibiam"
420680,0,0,0,0,1,0,0,0,1,1,3268,"SC","Ibicaré"
420690,0,0,0,0,1,0,0,0,1,1,18721,"SC","Ibirama"
420730,0,0,0,0,1,0,0,0,1,1,44076,"SC","Imbituba"
420740,0,0,0,0,1,0,0,0,1,1,6133,"SC","Imbuia"
420750,0,0,0,0,1,0,0,0,1,1,66497,"SC","Indaial"
420757,0,0,0,0,1,0,0,0,1,1,2917,"SC","Iomerê"
420760,0,0,0,0,1,0,0,0,1,1,4562,"SC","Ipira"
420765,0,0,0,0,1,0,0,0,1,1,8930,"SC","Iporã do Oeste"
420768,0,0,0,0,1,0,0,0,1,1,7400,"SC","Ipuaçu"
420775,0,0,0,0,1,0,0,0,1,1,4067,"SC","Iraceminha"
420780,0,0,0,0,1,0,0,0,1,1,10285,"SC","Irani"
420785,1,0,0,0,0,0,0,0,1,1,1984,"SC","Irati"
420790,0,0,0,0,1,0,0,0,1,1,11133,"SC","Irineópolis"
420800,0,0,0,0,1,0,0,0,1,1,6275,"SC","Itá"
420810,0,0,0,0,1,0,0,0,1,1,21506,"SC","Itaiópolis"
420840,1,0,0,0,0,0,0,0,1,1,16683,"SC","Itapiranga"
420845,0,0,1,0,0,0,0,0,1,1,19355,"SC","Itapoá"
420870,1,0,0,0,0,0,0,0,1,1,10539,"SC","Jacinto Machado"
420880,0,0,1,0,0,0,0,0,1,1,19527,"SC","Jaguaruna"
420895,0,0,0,0,1,0,0,0,1,1,1625,"SC","Jardinópolis"
420900,0,0,1,0,0,0,0,0,1,1,29608,"SC","Joaçaba"
420917,0,0,0,0,1,0,0,0,1,1,2127,"SC","Jupiá"
420930,0,0,0,0,1,0,0,0,1,1,158508,"SC","Lages"
420970,0,0,0,0,1,0,0,0,1,1,12133,"SC","Lebon Régis"
420980,0,0,0,0,1,0,0,0,1,1,3140,"SC","Leoberto Leal"
420985,0,0,0,0,1,0,0,0,1,1,4615,"SC","Lindóia do Sul"
421005,0,0,0,0,1,0,0,0,1,1,1799,"SC","Macieira"
421010,0,0,0,0,1,0,0,0,1,1,55907,"SC","Mafra"
421050,0,0,0,0,1,0,0,0,1,1,25076,"SC","Maravilha"
421070,0,0,0,0,1,0,0,0,1,1,2614,"SC","Matos Costa"
421080,0,1,0,0,0,0,0,0,1,1,7047,"SC","Meleiro"
421085,0,0,0,0,1,0,0,0,1,1,2374,"SC","Mirim Doce"
421090,0,0,0,0,1,0,0,0,1,1,4192,"SC","Modelo"
421100,0,0,0,0,1,0,0,0,1,1,11496,"SC","Mondaí"
421110,0,0,0,0,1,0,0,0,1,1,8471,"SC","Monte Castelo"
421120,0,0,0,0,1,0,0,0,1,1,17532,"SC","Morro da Fumaça"
421125,1,0,0,0,0,0,0,0,1,1,2915,"SC","Morro Grande"
421150,0,0,1,0,0,0,0,0,1,1,14099,"SC","Nova Trento"
421170,0,0,0,0,0,0,0,1,1,1,22723,"SC","Orleans"
421180,0,0,0,0,1,0,0,0,1,1,7363,"SC","Ouro"
421189,0,0,0,0,1,0,0,0,1,1,2376,"SC","Painel"
421205,0,0,0,0,1,0,0,0,1,1,2586,"SC","Palmeira"
421220,0,0,0,0,1,0,0,0,1,1,19015,"SC","Papanduva"
421223,0,0,0,0,1,0,0,0,1,1,3613,"SC","Paraíso"
421225,0,0,0,0,0,0,1,0,1,1,8370,"SC","Passo de Torres"
421265,0,0,0,0,1,0,0,0,1,1,9980,"SC","Pescaria Brava"
421270,0,0,0,0,1,0,0,0,1,1,6021,"SC","Petrolândia"
421280,0,0,0,0,1,0,0,0,1,1,21884,"SC","Balneário Piçarras"
421290,0,0,0,0,1,0,0,0,1,1,19511,"SC","Pinhalzinho"
421330,0,0,0,0,1,0,0,0,1,1,4767,"SC","Ponte Alta"
421335,0,0,0,0,1,0,0,0,1,1,3413,"SC","Ponte Alta do Norte"
421370,0,0,0,0,1,0,0,0,1,1,16957,"SC","Pouso Redondo"
421380,0,0,0,0,0,0,1,0,1,1,7364,"SC","Praia Grande"
421390,0,0,0,0,1,0,0,0,1,1,1610,"SC","Presidente Castello Branco"
421440,0,0,0,0,1,0,0,0,1,1,6246,"SC","Rio das Antas"
421450,0,0,0,0,1,0,0,0,1,1,6043,"SC","Rio do Campo"
421470,0,0,0,0,1,0,0,0,1,1,11431,"SC","Rio dos Cedros"
421480,0,0,0,0,1,0,0,0,1,1,69188,"SC","Rio do Sul"
421500,0,0,1,0,0,0,0,0,1,1,42029,"SC","Rio Negrinho"
421507,0,0,0,0,1,0,0,0,1,1,4670,"SC","Riqueza"
421520,0,0,0,0,1,0,0,0,1,1,5022,"SC","Romelândia"
421530,1,0,0,0,0,0,0,0,1,1,7634,"SC","Salete"
421535,0,0,0,0,1,0,0,0,1,1,3847,"SC","Saltinho"
421550,0,0,0,0,1,0,0,0,1,1,16701,"SC","Santa Cecília"
421555,0,0,1,0,0,0,0,0,1,1,2266,"SC","Santa Helena"
421560,0,0,0,0,1,0,0,0,1,1,2139,"SC","Santa Rosa de Lima"
421565,0,0,0,0,0,0,1,0,1,1,8356,"SC","Santa Rosa do Sul"
421567,0,0,0,0,1,0,0,0,1,1,8846,"SC","Santa Terezinha"
421569,0,0,0,0,1,0,0,0,1,1,1317,"SC","Santiago do Sul"
421620,1,0,0,0,0,0,0,0,1,1,50701,"SC","São Francisco do Sul"
421630,1,0,0,0,0,0,0,0,1,1,35065,"SC","São João Batista"
421635,0,0,1,0,0,0,0,0,1,1,3690,"SC","São João do Itaperiú"
421650,0,0,0,0,1,0,0,0,1,1,26646,"SC","São Joaquim"
421670,0,0,0,0,0,0,1,0,1,1,13897,"SC","São José do Cedro"
421700,0,0,1,0,0,0,0,0,1,1,12934,"SC","São Ludgero"
421720,0,0,0,0,1,0,0,0,1,1,39793,"SC","São Miguel do Oeste"
421740,0,0,0,0,1,0,0,0,1,1,20095,"SC","Schroeder"
421755,0,0,0,0,1,0,0,0,1,1,3301,"SC","Serra Alta"
421775,0,0,0,0,0,1,0,0,1,1,2551,"SC","Sul Brasil"
421780,0,0,0,0,1,0,0,0,1,1,18261,"SC","Taió"
421810,0,0,1,0,0,0,0,0,1,1,5377,"SC","Timbé do Sul"
421825,0,0,0,0,1,0,0,0,1,1,7767,"SC","Timbó Grande"
421830,0,0,1,0,0,0,0,0,1,1,19146,"SC","Três Barras"
421850,0,0,0,0,1,0,0,0,1,1,7545,"SC","Treze Tílias"
421860,0,0,0,0,1,0,0,0,1,1,7211,"SC","Trombudo Central"
421870,0,0,0,0,1,0,0,0,1,1,104457,"SC","Tubarão"
421875,1,0,0,0,0,0,0,0,1,1,4597,"SC","Tunápolis"
421880,0,0,0,0,1,0,0,0,1,1,12746,"SC","Turvo"
421890,0,0,0,0,0,1,0,0,1,1,11191,"SC","Urubici"
421895,0,0,0,0,1,0,0,0,1,1,2487,"SC","Urupema"
421910,0,0,0,0,1,0,0,0,1,1,3590,"SC","Vargeão"
421930,0,0,0,0,1,0,0,0,1,1,52066,"SC","Videira"
422000,1,0,0,0,0,0,0,0,1,1,12403,"SC","Balneário Rincão"
430040,0,0,0,0,0,0,0,1,1,1,78003,"RS","Alegrete"
430055,0,0,0,0,0,0,1,0,1,1,1803,"RS","Alto Alegre"
430100,0,0,0,0,0,0,0,1,1,1,20272,"RS","Arroio do Meio"
430155,0,0,1,0,0,0,0,0,1,1,3718,"RS","Áurea"
430160,0,0,0,0,0,0,0,1,1,1,122209,"RS","Bagé"
430190,0,0,0,0,0,0,0,1,1,1,13365,"RS","Barra do Ribeiro"
430370,0,0,0,0,0,0,0,1,1,1,5994,"RS","Campina das Missões"
430390,0,0,0,0,0,0,0,1,1,1,64914,"RS","Campo Bom"
430400,0,0,0,0,0,0,0,1,1,1,5161,"RS","Campo Novo"
430430,0,0,0,0,1,0,0,0,1,1,6567,"RS","Cândido Godói"
430466,0,0,0,0,0,0,0,1,1,1,25495,"RS","Capão do Leão"
430495,1,0,0,0,0,0,0,0,1,1,3185,"RS","Caseiros"
430517,0,0,0,0,1,0,0,0,1,1,11486,"RS","Cerro Grande do Sul"
430530,0,0,0,0,0,0,0,1,1,1,9597,"RS","Chapada"
430545,0,0,0,0,0,0,0,1,1,1,14710,"RS","Cidreira"
430560,0,0,0,0,1,0,0,0,1,1,3478,"RS","Colorado"
430600,0,0,0,0,1,0,0,0,1,1,14195,"RS","Crissiumal"
430650,0,0,0,0,0,0,0,1,1,1,15279,"RS","Dom Feliciano"
430655,0,0,0,0,1,0,0,0,1,1,2617,"RS","Dom Pedro de Alcântara"
430700,0,0,0,0,1,0,0,0,1,1,103437,"RS","Erechim"
430750,0,0,0,0,0,0,0,1,1,1,15843,"RS","Espumoso"
430780,0,0,0,0,0,0,0,1,1,1,33140,"RS","Estrela"
430790,0,0,0,0,1,0,0,0,1,1,69542,"RS","Farroupilha"
430900,0,0,0,0,0,0,0,1,1,1,17069,"RS","Giruá"
430905,0,0,0,0,0,0,0,1,1,1,7654,"RS","Glorinha"
430910,0,0,0,0,0,0,0,1,1,1,35047,"RS","Gramado"
430920,0,0,0,0,1,0,0,0,1,1,275146,"RS","Gravataí"
430975,0,0,0,0,1,0,0,0,1,1,4519,"RS","Ibarama"
431033,0,0,0,0,0,0,0,1,1,1,20578,"RS","Imbé"
431060,0,0,0,0,0,0,0,1,1,1,39012,"RS","Itaqui"
431085,0,0,0,0,1,0,0,0,1,1,4082,"RS","Jaboticaba"
431120,0,0,0,0,0,0,0,1,1,1,20012,"RS","Júlio de Castilhos"
431123,0,0,0,0,0,0,0,1,1,1,2852,"RS","Lagoa Bonita do Sul"
431130,1,0,0,0,0,0,0,0,1,1,28454,"RS","Lagoa Vermelha"
431171,0,0,0,0,0,0,0,1,1,1,4804,"RS","Maçambará"
431180,0,0,0,0,0,0,0,1,1,1,41059,"RS","Marau"
431220,0,0,0,0,1,0,0,0,1,1,4804,"RS","Maximiliano de Almeida"
431230,0,0,0,0,1,0,0,0,1,1,4975,"RS","Miraguaí"
431250,0,0,0,0,1,0,0,0,1,1,12794,"RS","Mostardas"
431310,0,0,0,0,0,0,0,1,1,1,6605,"RS","Nova Palma"
431350,0,0,0,0,0,0,0,1,1,1,44468,"RS","Osório"
431380,0,0,0,0,1,0,0,0,1,1,7184,"RS","Palmitinho"
431400,0,0,0,0,0,0,0,1,1,1,7404,"RS","Paraí"
431405,0,0,0,0,0,0,0,1,1,1,56277,"RS","Parobé"
431410,0,0,0,0,0,0,0,1,1,1,198799,"RS","Passo Fundo"
431450,0,0,0,0,0,0,0,1,1,1,12913,"RS","Pinheiro Machado"
431454,0,0,0,0,0,0,0,1,1,1,2868,"RS","Pinto Bandeira"
431500,1,0,0,0,0,0,0,0,1,1,5227,"RS","Porto Lucena"
431510,0,0,0,0,0,0,0,1,1,1,10718,"RS","Porto Xavier"
431530,0,0,0,0,0,0,0,1,1,1,23532,"RS","Quaraí"
431560,0,1,0,0,0,0,0,0,1,1,209378,"RS","Rio Grande"
431570,0,0,0,0,0,0,0,1,1,1,39000,"RS","Rio Pardo"
431610,0,0,0,0,0,0,0,1,1,1,10695,"RS","Ronda Alta"
431720,0,0,0,0,0,0,0,1,1,1,72753,"RS","Santa Rosa"
431750,0,0,0,0,1,0,0,0,1,1,79101,"RS","Santo Ângelo"
431790,0,0,0,0,0,0,0,1,1,1,14738,"RS","Santo Cristo"
431830,1,0,0,0,0,0,0,0,1,1,62957,"RS","São Gabriel"
431850,0,0,0,0,1,0,0,0,1,1,27206,"RS","São José do Norte"
431860,0,0,0,0,0,0,0,1,1,1,7117,"RS","São José do Ouro"
431870,0,1,0,0,0,0,0,0,1,1,230914,"RS","São Leopoldo"
431880,0,0,0,0,0,0,0,1,1,1,44580,"RS","São Lourenço do Sul"
431900,0,0,0,0,0,0,0,1,1,1,21364,"RS","São Marcos"
431970,0,0,0,0,1,0,0,0,1,1,3581,"RS","São Valentim"
432070,0,0,0,0,0,0,0,1,1,1,15018,"RS","Sobradinho"
432135,1,0,0,0,0,0,0,0,1,1,5567,"RS","Tavares"
432150,0,0,0,0,0,0,0,1,1,1,37564,"RS","Torres"
432160,0,0,0,0,1,0,0,0,1,1,47521,"RS","Tramandaí"
432180,0,0,0,0,1,0,0,0,1,1,24497,"RS","Três de Maio"
432190,0,0,0,0,1,0,0,0,1,1,24632,"RS","Três Passos"
432240,0,0,0,0,0,0,0,1,1,1,129784,"RS","Uruguaiana"
432250,0,0,0,0,1,0,0,0,1,1,65397,"RS","Vacaria"
432260,1,0,0,0,0,0,0,0,1,1,70481,"RS","Venâncio Aires"
432270,0,0,0,0,0,0,0,1,1,1,26024,"RS","Vera Cruz"
432280,0,0,0,0,0,0,0,1,1,1,25073,"RS","Veranópolis"
432320,0,0,0,0,0,1,0,0,1,1,3051,"RS","Victor Graeff"
500020,1,0,0,0,0,0,0,0,1,1,14992,"MS","Água Clara"
500100,0,1,0,0,0,0,0,0,1,1,25072,"MS","Aparecida do Taboado"
500190,1,0,0,0,0,0,0,0,1,1,22389,"MS","Bataguassu"
500220,1,0,0,0,0,0,0,0,1,1,21483,"MS","Bonito"
500230,1,0,0,0,0,0,0,0,1,1,11864,"MS","Brasilândia"
500270,0,0,0,0,0,1,0,0,1,1,874210,"MS","Campo Grande"
500280,1,0,0,0,0,0,0,0,1,1,5972,"MS","Caracol"
500295,1,0,0,0,0,0,0,0,1,1,23940,"MS","Chapadão do Sul"
500325,0,0,1,0,0,0,0,0,1,1,20159,"MS","Costa Rica"
500350,0,1,0,0,0,0,0,0,1,1,5827,"MS","Douradina"
500370,1,0,0,0,0,0,0,0,1,1,218069,"MS","Dourados"
500380,0,1,0,0,0,0,0,0,1,1,19181,"MS","Fátima do Sul"
500410,0,0,1,0,0,0,0,0,1,1,9991,"MS","Guia Lopes da Laguna"
500440,0,1,0,0,0,0,0,0,1,1,7618,"MS","Inocência"
500450,1,0,0,0,0,0,0,0,1,1,23539,"MS","Itaporã"
500500,0,0,1,0,0,0,0,0,1,1,25758,"MS","Jardim"
500540,0,1,0,0,0,0,0,0,1,1,44994,"MS","Maracaju"
500580,1,0,0,0,0,0,0,0,1,1,14092,"MS","Nioaque"
500600,0,1,0,0,0,0,0,0,1,1,20772,"MS","Nova Alvorada do Sul"
500630,1,0,0,0,0,0,0,0,1,1,41755,"MS","Paranaíba"
500690,1,0,0,0,0,0,0,0,1,1,16879,"MS","Porto Murtinho"
500710,1,0,0,0,0,0,0,0,1,1,23881,"MS","Ribas do Rio Pardo"
500720,1,0,0,0,0,0,0,0,1,1,36144,"MS","Rio Brilhante"
500755,1,0,0,0,0,0,0,0,1,1,7732,"MS","Santa Rita do Pardo"
500780,0,1,0,0,0,0,0,0,1,1,6482,"MS","Selvíria"
500790,1,0,0,0,0,0,0,0,1,1,54575,"MS","Sidrolândia"
500830,1,0,0,0,0,0,0,0,1,1,117477,"MS","Três Lagoas"
500840,0,1,0,0,0,0,0,0,1,1,6041,"MS","Vicentina"
510180,0,0,0,0,1,0,0,0,1,1,58974,"MT","Barra do Garças"
510250,0,0,0,0,1,0,0,0,1,1,91271,"MT","Cáceres"
510267,0,0,0,0,1,0,0,0,1,1,39933,"MT","Campo Verde"
510305,0,0,0,0,1,0,0,0,1,1,11716,"MT","Cláudia"
510320,1,0,0,0,0,0,0,0,1,1,32298,"MT","Colíder"
510330,0,1,0,0,0,0,0,0,1,1,19932,"MT","Comodoro"
510335,0,0,0,0,1,0,0,0,1,1,29471,"MT","Confresa"
510336,0,0,0,0,1,0,0,0,1,1,3860,"MT","Conquista D'Oeste"
510340,0,0,0,0,0,0,1,0,1,1,590118,"MT","Cuiabá"
510410,0,0,1,0,0,0,0,0,1,1,34500,"MT","Guarantã do Norte"
510510,1,0,0,0,0,0,0,0,1,1,33851,"MT","Juara"
510523,0,0,0,0,1,0,0,0,1,1,5887,"MT","Lambari D'Oeste"
510558,0,0,0,0,1,0,0,0,1,1,10422,"MT","Marcelândia"
510560,0,0,0,0,1,0,0,0,1,1,15870,"MT","Matupá"
510618,0,0,0,0,1,0,0,0,1,1,6338,"MT","Nova Lacerda"
510621,1,0,0,0,0,0,0,0,1,1,12388,"MT","Nova Canaã do Norte"
510622,0,0,0,0,0,0,1,0,1,1,42607,"MT","Nova Mutum"
510642,0,0,0,0,1,0,0,0,1,1,33630,"MT","Peixoto de Azevedo"
510682,1,0,0,0,0,0,0,0,1,1,11603,"MT","Porto Esperidião"
510706,0,0,0,0,1,0,0,0,1,1,16512,"MT","Querência"
510724,0,0,0,0,1,0,0,0,1,1,4360,"MT","Santa Carmem"
510730,1,0,0,0,0,0,0,0,1,1,19728,"MT","São José do Rio Claro"
510787,0,0,1,0,0,0,0,0,1,1,24305,"MT","Sapezal"
510790,0,0,0,0,1,0,0,0,1,1,135874,"MT","Sinop"
510792,0,0,0,0,1,0,0,0,1,1,85223,"MT","Sorriso"
510794,1,0,0,0,0,0,0,0,1,1,9309,"MT","Tabaporã"
510795,0,1,0,0,0,0,0,0,1,1,98828,"MT","Tangará da Serra"
520005,0,0,0,0,0,0,0,1,1,1,8207,"GO","Abadia de Goiás"
520013,0,0,0,0,1,0,0,0,1,1,22076,"GO","Acreúna"
520015,1,0,0,0,0,0,0,0,1,1,2564,"GO","Adelândia"
520020,0,0,0,0,1,0,0,0,1,1,1967,"GO","Água Limpa"
520030,0,0,0,0,1,0,0,0,1,1,26770,"GO","Alexânia"
520050,0,0,0,0,1,0,0,0,1,1,2071,"GO","Aloândia"
520055,0,0,0,0,0,1,0,0,1,1,5784,"GO","Alto Horizonte"
520060,0,0,0,0,0,0,0,1,1,1,7514,"GO","Alto Paraíso de Goiás"
520080,0,0,0,0,1,0,0,0,1,1,8645,"GO","Alvorada do Norte"
520082,0,0,0,0,0,1,0,0,1,1,3754,"GO","Amaralina"
520085,0,0,0,0,1,0,0,0,1,1,6018,"GO","Americano do Brasil"
520110,0,0,0,0,1,0,0,0,1,1,375142,"GO","Anápolis"
520120,0,0,0,0,1,0,0,0,1,1,1126,"GO","Anhanguera"
520130,0,0,1,0,0,0,0,0,1,1,21746,"GO","Anicuns"
520140,0,0,1,0,0,0,0,0,1,1,542090,"GO","Aparecida de Goiânia"
520150,0,0,0,0,1,0,0,0,1,1,4143,"GO","Aporé"
520160,0,0,0,0,1,0,0,0,1,1,3731,"GO","Araçu"
520180,0,0,0,0,0,0,0,1,1,1,9765,"GO","Aragoiânia"
520235,0,0,0,0,0,0,0,1,1,1,2957,"GO","Arenópolis"
520250,0,0,0,0,0,0,0,1,1,1,9138,"GO","Aruanã"
520260,0,0,0,0,0,0,0,1,1,1,3422,"GO","Aurilândia"
520280,0,0,0,0,1,0,0,0,1,1,2494,"GO","Avelinópolis"
520320,0,0,0,0,1,0,0,0,1,1,10435,"GO","Barro Alto"
520330,0,0,0,0,1,0,0,0,1,1,28514,"GO","Bela Vista de Goiás"
520350,0,0,1,0,0,0,0,0,1,1,23998,"GO","Bom Jesus de Goiás"
520355,0,0,0,0,1,0,0,0,1,1,9052,"GO","Bonfinópolis"
520360,0,0,0,0,0,0,0,1,1,1,3604,"GO","Brazabrantes"
520390,0,0,0,0,1,0,0,0,1,1,9535,"GO","Buriti Alegre"
520400,0,0,0,0,0,0,0,1,1,1,7935,"GO","Cabeceiras"
520410,0,0,0,0,0,0,0,1,1,1,12002,"GO","Cachoeira Alta"
520425,0,0,0,0,1,0,0,0,1,1,8355,"GO","Cachoeira Dourada"
520430,0,0,0,0,1,0,0,0,1,1,15287,"GO","Caçu"
520440,0,0,0,0,1,0,0,0,1,1,18505,"GO","Caiapônia"
520455,0,0,0,0,1,0,0,0,1,1,3703,"GO","Caldazinha"
520460,0,0,0,0,0,0,0,1,1,1,3622,"GO","Campestre de Goiás"
520470,0,0,0,0,0,1,0,0,1,1,12321,"GO","Campinorte"
520490,0,0,0,0,0,1,0,0,1,1,19786,"GO","Campos Belos"
520500,0,0,0,0,0,0,0,1,1,1,9862,"GO","Carmo do Rio Verde"
520505,0,0,1,0,0,0,0,0,1,1,3610,"GO","Castelândia"
520520,0,0,0,0,0,0,1,0,1,1,5041,"GO","Caturaí"
520540,0,0,0,0,0,0,0,1,1,1,22155,"GO","Ceres"
520545,0,0,1,0,0,0,0,0,1,1,8386,"GO","Cezarina"
520547,0,1,0,0,0,0,0,0,1,1,9110,"GO","Chapadão do Céu"
520549,0,0,0,0,1,0,0,0,1,1,66777,"GO","Cidade Ocidental"
520590,0,0,0,0,1,0,0,0,1,1,9332,"GO","Corumbaíba"
520620,0,0,0,0,1,0,0,0,1,1,55347,"GO","Cristalina"
520630,0,0,0,0,0,0,0,1,1,1,3029,"GO","Cristianópolis"
520640,0,0,0,0,1,0,0,0,1,1,16893,"GO","Crixás"
520710,0,0,0,0,1,0,0,0,1,1,2547,"GO","Diorama"
520735,0,0,0,0,1,0,0,0,1,1,3809,"GO","Edealina"
520760,0,0,0,0,1,0,0,0,1,1,6070,"GO","Fazenda Nova"
520780,0,0,0,0,1,0,0,0,1,1,12923,"GO","Firminópolis"
520800,0,0,0,0,0,0,0,1,1,1,115789,"GO","Formosa"
520815,0,0,0,0,0,0,0,1,1,1,3777,"GO","Gameleira de Goiás"
520830,0,0,0,0,0,0,0,1,1,1,4995,"GO","Divinópolis de Goiás"
520840,0,0,0,0,0,0,1,0,1,1,11471,"GO","Goianápolis"
520870,0,0,0,0,1,0,0,0,1,1,1466105,"GO","Goiânia"
520890,0,0,0,0,0,0,1,0,1,1,24103,"GO","Goiás"
520910,0,0,0,0,1,0,0,0,1,1,34312,"GO","Goiatuba"
520915,0,0,0,0,1,0,0,0,1,1,5656,"GO","Gouvelândia"
520940,0,0,0,0,1,0,0,0,1,1,4145,"GO","Guarani de Goiás"
520960,0,0,0,0,1,0,0,0,1,1,3757,"GO","Heitoraí"
520970,0,0,0,0,1,0,0,0,1,1,20472,"GO","Hidrolândia"
520993,0,0,0,0,0,0,0,1,1,1,6148,"GO","Inaciolândia"
520995,0,0,0,0,0,0,1,0,1,1,15213,"GO","Indiara"
521010,0,0,0,0,0,1,0,0,1,1,26747,"GO","Ipameri"
521015,0,0,0,0,0,0,0,1,1,1,2948,"GO","Ipiranga de Goiás"
521020,0,0,0,0,0,0,0,1,1,1,32242,"GO","Iporá"
521030,0,0,0,0,0,0,0,1,1,1,2910,"GO","Israelândia"
521090,0,0,0,0,0,0,0,1,1,1,21691,"GO","Itapaci"
521130,0,0,0,0,0,0,0,1,1,1,6998,"GO","Itarumã"
521160,0,0,0,0,0,0,0,1,1,1,2554,"GO","Ivolândia"
521170,0,0,0,0,0,0,0,1,1,1,6254,"GO","Jandaia"
521190,0,0,0,0,1,0,0,0,1,1,98128,"GO","Jataí"
521220,0,0,0,0,1,0,0,0,1,1,19239,"GO","Jussara"
521225,0,0,0,0,0,0,0,1,1,1,1490,"GO","Lagoa Santa"
521230,0,0,0,0,1,0,0,0,1,1,7773,"GO","Leopoldo de Bulhões"
521250,0,0,0,0,1,0,0,0,1,1,199615,"GO","Luziânia"
521260,0,0,0,0,0,0,0,1,1,1,2432,"GO","Mairipotaba"
521270,0,0,0,0,0,0,0,1,1,1,8271,"GO","Mambaí"
521305,0,0,0,0,0,0,0,1,1,1,2702,"GO","Mimoso de Goiás"
521310,0,0,0,0,0,0,1,0,1,1,62750,"GO","Mineiros"
521350,0,0,0,0,0,1,0,0,1,1,8464,"GO","Monte Alegre de Goiás"
521375,0,0,0,0,0,0,0,1,1,1,12566,"GO","Montividiu"
521380,0,0,0,0,1,0,0,0,1,1,45382,"GO","Morrinhos"
521400,0,0,0,0,1,0,0,0,1,1,15125,"GO","Mozarlândia"
521440,0,0,0,0,0,0,0,1,1,1,8850,"GO","Nazário"
521460,0,0,0,0,0,1,0,0,1,1,45913,"GO","Niquelândia"
521470,0,0,0,0,1,0,0,0,1,1,2373,"GO","Nova América"
521483,0,0,0,0,0,0,0,1,1,1,12810,"GO","Nova Crixás"
521500,0,0,0,0,1,0,0,0,1,1,9389,"GO","Nova Veneza"
521520,0,0,0,0,0,0,0,1,1,1,3242,"GO","Novo Brasil"
521523,0,0,0,0,0,0,1,0,1,1,110096,"GO","Novo Gama"
521550,0,0,0,0,0,0,0,1,1,1,6340,"GO","Ouvidor"
521560,0,0,0,0,1,0,0,0,1,1,32148,"GO","Padre Bernardo"
521640,0,0,0,0,1,0,0,0,1,1,11221,"GO","Paraúna"
521645,0,0,0,0,1,0,0,0,1,1,3135,"GO","Perolândia"
521680,0,0,0,0,1,0,0,0,1,1,10548,"GO","Petrolina de Goiás"
521740,0,0,0,0,0,0,0,1,1,1,31151,"GO","Pires do Rio"
521760,0,0,0,0,0,0,0,1,1,1,88863,"GO","Planaltina"
521770,0,0,0,0,1,0,0,0,1,1,17991,"GO","Pontalina"
521810,0,0,0,0,0,0,0,1,1,1,4044,"GO","Portelândia"
521830,0,0,0,0,0,0,0,1,1,1,35574,"GO","Posse"
521839,0,0,0,0,1,0,0,0,1,1,3360,"GO","Professor Jamil"
521850,0,0,0,0,1,0,0,0,1,1,48508,"GO","Quirinópolis"
521870,0,0,0,0,0,0,0,1,1,1,4828,"GO","Rianápolis"
521880,0,0,0,0,1,0,0,0,1,1,217048,"GO","Rio Verde"
521890,0,0,0,0,1,0,0,0,1,1,19994,"GO","Rubiataba"
521900,0,0,0,0,1,0,0,0,1,1,7798,"GO","Sanclerlândia"
521910,0,0,0,0,1,0,0,0,1,1,6393,"GO","Santa Bárbara de Goiás"
521930,0,0,0,0,1,0,0,0,1,1,38743,"GO","Santa Helena de Goiás"
521950,0,0,0,0,1,0,0,0,1,1,2626,"GO","Santa Rosa de Goiás"
521960,0,0,0,0,1,0,0,0,1,1,3710,"GO","Santa Tereza de Goiás"
521970,0,0,0,0,1,0,0,0,1,1,9622,"GO","Santa Terezinha de Goiás"
521980,0,0,0,0,1,0,0,0,1,1,12585,"GO","São Domingos"
522000,0,0,0,0,1,0,0,0,1,1,12643,"GO","São João d'Aliança"
522005,0,0,0,0,1,0,0,0,1,1,1547,"GO","São João da Paraúna"
522010,0,0,0,0,1,0,0,0,1,1,33118,"GO","São Luís de Montes Belos"
522015,0,0,0,0,1,0,0,0,1,1,5071,"GO","São Luiz do Norte"
522020,0,0,0,0,1,0,0,0,1,1,22684,"GO","São Miguel do Araguaia"
522045,0,0,0,0,0,0,1,0,1,1,105459,"GO","Senador Canedo"
522100,0,0,0,0,0,0,1,0,1,1,3625,"GO","Taquaral de Goiás"
522108,0,0,0,0,0,0,0,1,1,1,3363,"GO","Teresina de Goiás"
522150,0,0,0,0,1,0,0,0,1,1,4818,"GO","Turvânia"
522155,0,0,0,0,0,0,0,1,1,1,5050,"GO","Turvelândia"
522157,0,0,0,0,1,0,0,0,1,1,2961,"GO","Uirapuru"
522160,0,0,0,0,0,1,0,0,1,1,40082,"GO","Uruaçu"
522185,0,0,0,0,1,0,0,0,1,1,159500,"GO","Valparaíso de Goiás"
522190,0,0,0,0,0,0,0,1,1,1,3856,"GO","Varjão"
522200,0,0,0,0,1,0,0,0,1,1,13675,"GO","Vianópolis"
