"MunicÃ­pio",">2ppb","=2ppb","1ppb<x<2ppb","=1ppb","0.1ppb<x<1ppb","=0.1ppb","0ppb<x<0.1ppb","=0ppb","all Detections","all Measurements","Population","UF"
"ABAIARA",0,0,0,0,0,0,0,0,0,4,11605,"CE"
"ACAILANDIA",0,0,0,0,0,0,0,0,0,7,111339,"MA"
"ACARAPE",0,0,0,0,0,0,0,0,0,3,16543,"CE"
"ACARAU",0,0,0,0,0,0,0,0,0,5,62199,"CE"
"ACARI",0,0,0,0,0,0,0,0,0,28,11333,"RN"
"ACOPIARA",0,0,0,0,0,0,0,0,0,4,53572,"CE"
"AGROLANDIA",0,0,0,0,0,0,0,0,0,2,10581,"SC"
"AGUA BOA",0,0,0,0,0,0,0,0,0,3,14370,"MG"
"AGUA BRANCA",0,0,0,0,0,0,0,0,0,2,17119,"PI"
"AGUA CLARA",0,1,0,1,0,0,0,0,2,2,14992,"MS"
"AGUAS DE SAO PEDRO",0,0,0,0,0,0,2,0,2,3,3268,"SP"
"AGUAS FRIAS",0,0,0,0,0,0,0,0,0,1,2387,"SC"
"AGUAS MORNAS",0,0,0,0,0,0,0,0,0,11,6298,"SC"
"AGUDO",0,0,0,0,0,0,0,0,0,6,17085,"RS"
"AIUABA",0,0,0,0,0,0,0,0,0,3,17194,"CE"
"ALCANTARAS",0,0,0,0,0,0,0,0,0,4,11459,"CE"
"ALEGRETE",0,0,0,0,0,0,0,0,0,3,78003,"RS"
"ALEGRIA",0,0,0,0,0,0,0,0,0,1,4037,"RS"
"ALFREDO VASCONCELOS",0,0,0,0,0,0,0,0,0,2,6775,"MG"
"ALFREDO WAGNER",0,4,0,0,3,0,0,0,7,25,9960,"SC"
"ALPERCATA",0,0,0,0,0,0,0,0,0,70,7515,"MG"
"ALTA FLORESTA",0,0,0,0,0,0,0,0,0,2,50189,"MT"
"ALTANEIRA",0,0,0,0,0,0,0,0,0,4,7479,"CE"
"ALTO ALEGRE",0,0,0,0,0,0,0,0,0,3,15933,"RR"
"ALTO GARCAS",0,0,0,0,0,0,0,0,0,4,11532,"MT"
"ALTO SANTO",0,0,0,0,0,0,0,0,0,3,16976,"CE"
"ALVARES FLORENCE",0,0,0,0,0,0,2,0,2,2,3795,"SP"
"ALVORADA",0,0,0,0,0,0,0,0,0,22,8516,"TO"
"AMAJARI",0,0,0,0,0,0,0,0,0,5,11560,"RR"
"AMONTADA",0,0,0,0,0,0,0,0,0,5,42901,"CE"
"ANANINDEUA",0,0,0,0,0,0,0,0,0,4,516057,"PA"
"ANCHIETA",0,0,0,0,0,0,0,0,0,2,28546,"ES"
"ANGELINA",0,0,0,0,0,0,0,0,0,3,4943,"SC"
"ANTONINA DO NORTE",0,0,0,0,0,0,0,0,0,3,7278,"CE"
"ANTONIO CARLOS",0,0,0,0,0,0,0,0,0,24,11608,"MG"
"APUIARES",0,0,0,0,0,0,0,0,0,4,14719,"CE"
"AQUIRAZ",0,0,0,0,0,0,0,0,0,4,79128,"CE"
"ARACAJU",0,0,0,0,0,0,0,0,0,6,650106,"SE"
"ARACATI",0,0,0,0,0,0,0,0,0,4,73629,"CE"
"ARACOIABA",0,0,0,0,0,0,0,0,0,3,26269,"CE"
"ARACRUZ",0,0,0,0,0,0,0,0,0,2,98393,"ES"
"ARAGUACU",0,0,0,0,0,0,0,0,0,25,8692,"TO"
"ARAGUAINA",0,0,0,0,0,0,0,0,0,22,175960,"TO"
"ARAGUANA",0,0,0,0,0,0,0,0,0,17,5645,"TO"
"ARAPIRACA",0,0,0,0,0,0,0,0,0,1,234185,"AL"
"ARAQUARI",0,0,0,0,0,0,0,0,0,10,35268,"SC"
"ARARANGUA",0,0,0,0,0,0,0,0,0,5,67110,"SC"
"ARARENDA",0,0,0,0,0,0,0,0,0,2,10823,"CE"
"ARARI",0,0,0,0,0,0,0,0,0,9,29388,"MA"
"ARARICA",0,0,0,0,0,0,0,0,0,2,5395,"RS"
"ARARIPE",0,0,0,0,0,0,0,0,0,4,21398,"CE"
"ARATUBA",0,0,0,0,0,0,0,0,0,2,11244,"CE"
"ARAUA",0,0,0,0,0,0,0,0,0,1,10362,"SE"
"ARAUCARIA",0,0,0,0,0,0,2,0,2,4,137452,"PR"
"AREIA",0,0,0,0,0,0,0,0,0,1,22776,"PB"
"ARES",0,0,0,0,0,0,0,0,0,1,14307,"RN"
"ARINOS",0,0,0,0,0,0,0,0,0,2,18243,"MG"
"ARNEIROZ",0,0,0,0,0,0,0,0,0,3,7777,"CE"
"ARVOREZINHA",0,1,0,0,0,0,0,0,1,1,10614,"RS"
"ASSARE",0,0,0,0,0,0,0,0,0,4,23254,"CE"
"ATALANTA",0,0,0,0,0,0,0,0,0,1,3254,"SC"
"AURORA",0,0,0,0,0,0,0,0,0,3,24496,"CE"
"AUTAZES",0,0,0,0,0,0,0,0,0,1,38454,"AM"
"BACABEIRA",0,0,0,0,0,0,0,0,0,19,17053,"MA"
"BAGE",0,0,0,0,0,0,0,0,0,4,122209,"RS"
"BAIA FORMOSA",0,0,0,0,0,0,0,0,0,10,9309,"RN"
"BAIANOPOLIS",0,0,0,0,0,0,0,0,0,3,14323,"BA"
"BAIXA GRANDE DO RIBEIRO",0,0,0,0,0,0,0,0,0,2,11375,"PI"
"BAIXIO",0,0,0,0,0,0,0,0,0,5,6228,"CE"
"BALNEARIO PICARRAS",0,0,0,0,0,0,0,0,0,1,21884,"SC"
"BALSAS",0,0,0,0,0,0,0,0,0,4,94779,"MA"
"BANABUIU",0,0,0,0,0,0,0,0,0,4,18027,"CE"
"BANANEIRAS",0,0,0,0,0,0,0,0,0,8,21156,"PB"
"BARAUNA",0,0,0,0,0,0,0,0,0,1,28085,"RN"
"BARBACENA",0,0,0,0,0,0,0,0,0,3,136689,"MG"
"BARBALHA",0,0,0,0,0,0,0,0,0,4,59811,"CE"
"BARRA DO BUGRES",0,0,0,0,0,0,0,0,0,5,33644,"MT"
"BARRA DO CHOCA",0,0,0,0,0,0,0,0,0,5,34121,"BA"
"BARRA DO CORDA",0,0,0,0,0,0,0,0,0,13,87135,"MA"
"BARRA DO GARCAS",0,0,0,0,0,0,0,0,0,7,58974,"MT"
"BARRA LONGA",0,0,0,0,0,0,0,0,0,1,5624,"MG"
"BARREIRA",0,0,0,0,0,0,0,0,0,4,20978,"CE"
"BARREIRAS",0,0,0,0,0,0,0,0,0,15,157638,"BA"
"BARRO",0,0,0,0,0,0,0,0,0,5,22440,"CE"
"BARROLANDIA",0,0,0,0,0,0,0,0,0,20,5643,"TO"
"BARROQUINHA",0,0,0,0,0,0,0,0,0,5,14880,"CE"
"BATURITE",0,0,0,0,0,0,0,0,0,5,35351,"CE"
"BEBERIBE",0,0,0,0,0,0,0,0,0,4,53110,"CE"
"BELA CRUZ",0,0,0,0,0,0,0,0,0,5,32378,"CE"
"BELEM",0,0,0,0,0,0,0,0,0,58,1452275,"PA"
"BELO HORIZONTE",0,0,0,0,0,0,0,0,0,1,2523794,"MG"
"BELO ORIENTE",0,0,0,0,0,0,0,0,0,13,26158,"MG"
"BELO VALE",0,0,0,0,0,0,0,0,0,6,7841,"MG"
"BENEVIDES",0,0,0,0,0,0,0,0,0,1,60990,"PA"
"BENJAMIN CONSTANT DO SUL",0,0,0,0,0,0,0,0,0,1,2227,"RS"
"BETIM",0,0,0,0,0,0,0,0,0,3,427146,"MG"
"BIGUACU",0,0,0,0,0,0,0,0,0,3,66558,"SC"
"BOA ESPERANCA",0,0,0,0,0,0,0,0,0,3,40530,"MG"
"BOA VIAGEM",0,0,0,0,0,0,0,0,0,5,54049,"CE"
"BOA VISTA",0,0,0,0,0,0,0,0,0,5,332020,"RR"
"BOA VISTA DO CADEADO",0,0,0,0,0,0,0,0,0,2,2526,"RS"
"BOCAIUVA",0,0,0,0,0,0,0,0,0,1,50168,"MG"
"BODO",0,0,0,0,0,0,0,0,0,42,2307,"RN"
"BOM JESUS",0,0,0,0,0,0,0,0,0,3,24711,"PI"
"BOMBINHAS",0,0,0,0,0,0,0,0,0,1,18623,"SC"
"BONFIM",0,0,0,0,0,0,0,0,0,4,11945,"RR"
"BOQUEIRAO",0,0,0,0,0,0,0,0,0,3,17842,"PB"
"BOQUIM",0,0,0,0,0,0,0,0,0,1,26961,"SE"
"BRACO DO NORTE",0,0,0,0,0,0,0,0,0,1,32648,"SC"
"BRAZLANDIA",0,0,0,0,0,0,0,0,0,4,,
"BREJO",0,0,0,0,0,0,0,0,0,5,36102,"MA"
"BREJO SANTO",0,0,0,0,0,0,0,0,0,2,48830,"CE"
"BRUMADINHO",0,0,0,0,0,0,0,0,0,3,38863,"MG"
"BUENO BRANDAO",0,0,0,0,0,0,0,0,0,6,11233,"MG"
"BURITI DOS LOPES",0,0,0,0,0,0,0,0,0,2,19464,"PI"
"CAAPORA",0,0,0,0,0,0,0,0,0,3,21872,"PB"
"CABECEIRAS",0,0,0,0,0,0,0,0,0,1,7935,"GO"
"CACERES",0,0,0,0,0,0,0,0,0,3,91271,"MT"
"CACHOEIRA DOURADA",0,0,0,0,0,0,0,0,0,1,2691,"MG"
"CAETE",0,0,0,0,0,0,0,0,0,2,44377,"MG"
"CAIAPONIA",0,0,0,0,0,0,0,0,0,7,18505,"GO"
"CAICO",0,0,0,0,0,0,0,0,0,81,68222,"RN"
"CAJAPIO",0,0,0,0,0,0,0,0,0,1,11019,"MA"
"CAJARI",0,0,0,0,0,0,0,0,0,2,19110,"MA"
"CAJOBI",0,0,0,0,0,0,0,0,0,4,10444,"SP"
"CAJUEIRO DA PRAIA",0,0,0,0,0,0,0,0,0,2,7510,"PI"
"CAMAQUA",0,0,0,0,0,0,0,0,0,3,66215,"RS"
"CAMOCIM",0,0,0,0,0,0,0,0,0,4,62985,"CE"
"CAMPO LARGO DO PIAUI",0,0,0,0,0,0,0,0,0,4,7154,"PI"
"CAMPO NOVO DO PARECIS",0,0,0,0,0,0,0,0,0,4,33551,"MT"
"CAMPO REDONDO",0,0,0,0,0,0,0,0,0,101,11244,"RN"
"CAMPO VERDE",0,0,0,0,0,0,0,0,0,2,39933,"MT"
"CAMPOS BORGES",0,0,0,0,0,0,0,0,0,3,3514,"RS"
"CAMPOS DE JULIO",0,0,0,0,0,0,0,0,0,4,6512,"MT"
"CAMPOS LINDOS",0,0,0,0,0,0,0,0,0,4,9795,"TO"
"CAMPOS SALES",0,0,0,0,0,0,0,0,0,2,27209,"CE"
"CANARANA",0,0,0,0,0,0,0,0,0,6,26862,"BA"
"CANDIOTA",0,0,0,0,0,0,0,0,0,3,9406,"RS"
"CANGUARETAMA",0,0,0,0,0,0,0,0,0,37,34267,"RN"
"CANGUCU",0,0,0,0,0,0,0,0,0,3,56103,"RS"
"CANINDE",0,0,0,0,0,0,0,0,0,5,77514,"CE"
"CANTA",0,0,0,0,0,0,0,0,0,1,16877,"RR"
"CANTO DO BURITI",0,0,0,0,0,0,0,0,0,2,20831,"PI"
"CANUDOS",0,0,0,0,0,0,0,0,0,2,17316,"BA"
"CAPAO DA CANOA",0,0,0,0,0,0,0,0,0,4,48401,"RS"
"CAPAO DO CIPO",0,0,0,0,0,0,0,0,0,4,3449,"RS"
"CAPARAO",0,0,0,0,0,0,0,0,0,2,5489,"MG"
"CAPELA",0,0,0,0,0,0,0,0,0,1,17354,"AL"
"CAPISTRANO",0,0,0,0,0,0,0,0,0,5,17668,"CE"
"CARACARAI",0,0,0,0,0,0,0,0,0,5,20807,"RR"
"CARANDAI",0,0,0,0,0,0,0,0,0,2,25376,"MG"
"CARATINGA",0,0,0,0,0,0,0,0,0,2,91841,"MG"
"CARIDADE",0,0,0,0,0,0,0,0,0,5,22320,"CE"
"CARIDADE DO PIAUI",0,0,0,0,0,0,0,0,0,3,4982,"PI"
"CARIRE",0,0,0,0,0,0,0,0,0,4,18660,"CE"
"CARIRIACU",0,0,0,0,0,0,0,0,0,4,26892,"CE"
"CARIUS",0,0,0,0,0,0,0,0,0,4,18804,"CE"
"CARNAUBAL",0,0,0,0,0,0,0,0,0,4,17631,"CE"
"CAROEBE",0,0,0,0,0,0,0,0,0,4,9493,"RR"
"CAROLINA",0,0,0,0,0,0,0,0,0,1,23803,"MA"
"CASA GRANDE",0,0,0,0,0,0,0,0,0,4,2309,"MG"
"CASCAVEL",0,0,0,0,0,0,0,0,0,26,71079,"CE"
"CASINHAS",0,0,0,0,0,0,0,0,0,1,14274,"PE"
"CASSIA",0,0,0,0,0,0,0,0,0,2,18057,"MG"
"CASSILANDIA",0,0,0,0,0,0,0,0,0,12,21748,"MS"
"CATAGUASES",0,0,0,0,0,0,0,0,0,2,75025,"MG"
"CATALAO",0,0,0,0,0,0,0,0,0,11,102393,"GO"
"CATARINA",0,0,0,0,0,0,0,0,0,4,20451,"CE"
"CATUNDA",0,0,0,0,0,0,0,0,0,3,10365,"CE"
"CAUCAIA",0,0,0,0,0,0,0,0,0,5,362223,"CE"
"CAXIAS",0,0,0,0,0,0,0,0,0,6,162657,"MA"
"CEDRAL",0,0,0,0,0,0,0,0,0,5,10490,"MA"
"CEDRO",0,0,0,0,0,0,0,0,0,4,25063,"CE"
"CENTRO NOVO DO MARANHAO",0,0,0,0,0,0,0,0,0,9,21565,"MA"
"CHA GRANDE",0,0,0,0,0,0,0,0,0,6,21525,"PE"
"CHAPADA DOS GUIMARAES",0,0,0,0,0,0,0,0,0,2,19049,"MT"
"CHAPADAO DO CEU",0,0,0,0,0,0,0,0,0,6,9110,"GO"
"CHAPADAO DO SUL",0,0,0,0,0,0,0,0,0,15,23940,"MS"
"CHAPADINHA",0,0,0,0,0,0,0,0,0,1,78965,"MA"
"CHARQUEADAS",0,0,0,0,0,0,0,0,0,3,38899,"RS"
"CHARRUA",0,0,0,0,0,0,0,0,0,1,3482,"RS"
"CHAVAL",0,0,0,0,0,0,0,0,0,4,12952,"CE"
"CHORO",0,0,0,0,0,0,0,0,0,4,13384,"CE"
"CHOROZINHO",0,0,0,0,0,0,0,0,0,5,19197,"CE"
"COELHO NETO",0,0,0,0,0,0,0,0,0,9,48756,"MA"
"COITE DO NOIA",0,0,0,0,0,0,0,0,0,3,10888,"AL"
"COLMEIA",0,0,0,0,0,0,0,0,0,39,8409,"TO"
"COMODORO",0,0,0,0,0,0,0,0,0,4,19932,"MT"
"CONDADO",0,0,0,0,0,0,0,0,0,2,6753,"PB"
"CONDE",0,0,0,0,0,0,0,0,0,8,24769,"PB"
"CONFINS",0,0,0,0,0,0,0,0,0,1,6608,"MG"
"CONGONHAS",0,0,0,0,0,0,0,0,0,2,53843,"MG"
"COQUEIRO BAIXO",0,0,0,0,0,0,0,0,0,1,1559,"RS"
"COREAU",0,0,0,0,0,0,0,0,0,2,23107,"CE"
"COREMAS",0,0,0,0,0,0,0,0,0,3,15426,"PB"
"CORONEL FABRICIANO",0,0,0,0,0,0,0,0,0,2,110326,"MG"
"CORONEL JOSE DIAS",0,0,0,0,0,0,0,0,0,4,4608,"PI"
"CORONEL PILAR",0,0,0,0,0,0,0,0,0,1,1728,"RS"
"CORRENTE",0,0,0,0,0,0,0,0,0,3,26205,"PI"
"COSTA RICA",0,0,0,0,0,0,0,0,0,8,20159,"MS"
"COXILHA",0,0,0,0,0,0,0,0,0,4,2876,"RS"
"CRATEUS",0,0,0,0,0,0,0,0,0,5,74426,"CE"
"CRATO",0,0,0,0,0,0,0,0,0,4,130604,"CE"
"CRICIUMA",0,0,0,0,0,0,0,0,0,1,211369,"SC"
"CRISTALANDIA",0,0,0,0,0,0,0,0,0,19,7374,"TO"
"CRISTINO CASTRO",0,0,0,0,0,0,0,0,0,3,10253,"PI"
"CROATA",0,0,0,0,0,0,0,0,0,5,17874,"CE"
"CRUZ",0,0,0,0,0,0,0,0,0,5,23983,"CE"
"CRUZALTENSE",0,0,0,0,0,0,0,0,0,1,2059,"RS"
"CRUZEIRO DO SUL",0,0,0,0,0,0,0,0,0,2,82622,"AC"
"CRUZETA",0,0,0,0,0,0,0,0,0,26,8147,"RN"
"CUIABA",0,0,0,0,0,0,0,0,0,6,590118,"MT"
"CURITIBA",0,0,0,0,0,0,5,0,5,104,1908359,"PR"
"CURITIBANOS",0,0,0,0,0,0,0,0,0,2,39566,"SC"
"CURRAIS NOVOS",0,0,0,0,0,0,0,0,0,49,45228,"RN"
"CURRAL NOVO DO PIAUI",0,0,0,0,0,0,0,0,0,3,5251,"PI"
"CURVELO",0,0,0,0,0,0,0,0,0,1,79878,"MG"
"DAVID CANABARRO",0,0,0,0,0,0,0,0,0,1,4844,"RS"
"DEPUTADO IRAPUAN PINHEIRO",0,0,0,0,0,0,0,0,0,4,9521,"CE"
"DIAMANTINO",0,0,0,0,0,0,0,0,0,6,21294,"MT"
"DIANOPOLIS",0,0,0,0,0,0,0,0,0,65,21738,"TO"
"DIRCEU ARCOVERDE",0,0,0,0,0,0,0,0,0,3,6896,"PI"
"DIVINOLANDIA",0,0,0,0,1,0,0,0,1,2,11384,"SP"
"DOM AQUINO",0,0,0,0,0,0,0,0,0,2,7977,"MT"
"DOM PEDRITO",0,0,0,0,0,0,0,0,0,4,39822,"RS"
"DOM PEDRO",0,0,0,0,0,0,0,0,0,10,22912,"MA"
"DONA FRANCISCA",0,0,0,0,0,0,0,0,0,3,3331,"RS"
"DOURADOS",0,0,0,0,0,0,0,0,0,26,218069,"MS"
"DOVERLANDIA",0,0,0,0,0,0,0,0,0,2,7750,"GO"
"DRACENA",0,0,0,1,0,4,0,0,5,16,46324,"SP"
"DUAS ESTRADAS",0,0,0,0,0,0,0,0,0,4,3594,"PB"
"DUQUE BACELAR",0,0,0,0,0,0,0,0,0,8,11208,"MA"
"ENCRUZILHADA DO SUL",0,0,0,0,0,0,0,0,0,1,25872,"RS"
"ERECHIM",0,0,0,0,0,0,0,0,0,1,103437,"RS"
"ERERE",0,0,0,0,0,0,0,0,0,3,7163,"CE"
"ESMERALDAS",0,0,0,0,0,0,0,0,0,1,69010,"MG"
"ESPERANCA DO SUL",0,0,0,0,0,0,0,0,0,1,3204,"RS"
"ESPUMOSO",0,0,0,0,0,0,0,0,0,5,15843,"RS"
"ESTRELA DE ALAGOAS",0,0,0,0,0,0,0,0,0,3,18435,"AL"
"EUSEBIO",0,0,0,0,0,0,0,0,0,6,52667,"CE"
"EXTREMOZ",0,0,0,0,0,0,0,0,0,279,28331,"RN"
"FAINA",0,0,0,0,0,0,0,0,0,1,6947,"GO"
"FARIAS BRITO",0,0,0,0,0,0,0,0,0,4,18720,"CE"
"FELIZ NATAL",0,0,0,0,0,0,0,0,0,2,13451,"MT"
"FIGUEIROPOLIS",0,0,0,0,0,0,0,0,0,19,5352,"TO"
"FLEXEIRAS",0,0,0,0,0,0,0,0,0,4,12966,"AL"
"FLORANIA",0,0,0,0,0,0,0,0,0,12,9262,"RN"
"FLORIANO",0,0,0,0,0,0,0,0,0,4,58969,"PI"
"FLORIANO PEIXOTO",0,0,0,0,0,0,0,0,0,1,1958,"RS"
"FLORIANOPOLIS",0,0,0,0,0,0,0,0,0,58,485838,"SC"
"FORMOSA DA SERRA NEGRA",0,0,0,0,0,0,0,0,0,3,18997,"MA"
"FORMOSA DO RIO PRETO",0,0,0,0,0,0,0,0,0,4,25912,"BA"
"FORMOSO DO ARAGUAIA",0,0,0,0,0,0,0,0,0,39,18684,"TO"
"FORQUILHA",0,0,0,0,0,0,0,0,0,4,24047,"CE"
"FORTALEZA",0,0,0,0,0,0,0,0,0,5,2627482,"CE"
"FORTIM",0,0,0,0,0,0,0,0,0,4,16272,"CE"
"FRANCISCO MACEDO",0,0,0,0,0,0,0,0,0,3,3128,"PI"
"FRANCISCO MORATO",0,0,0,0,0,0,0,0,0,86,171602,"SP"
"FRANCISCO SA",0,0,0,0,0,0,0,0,0,1,26428,"MG"
"FRECHEIRINHA",0,0,0,0,0,0,0,0,0,3,13669,"CE"
"FREDERICO WESTPHALEN",0,0,0,0,0,0,0,0,0,3,30832,"RS"
"FRONTEIRAS",0,0,0,0,0,0,0,0,0,7,11432,"PI"
"GALILEIA",0,0,0,0,0,0,0,0,0,32,7034,"MG"
"GAROPABA",0,0,0,0,0,0,0,0,0,3,22082,"SC"
"GASPAR",0,0,0,0,0,0,0,0,0,6,67392,"SC"
"GENERAL SAMPAIO",0,0,0,0,0,0,0,0,0,3,6922,"CE"
"GIRUA",0,0,0,0,0,0,0,0,0,3,17069,"RS"
"GOIANINHA",0,0,0,0,0,0,0,0,0,1,26068,"RN"
"GOIATINS",0,0,0,0,0,0,0,0,0,14,12973,"TO"
"GOIATUBA",0,0,0,0,0,0,0,0,0,6,34312,"GO"
"GOVERNADOR ARCHER",0,0,0,0,0,0,0,0,0,9,10700,"MA"
"GOVERNADOR CELSO RAMOS",0,0,0,0,0,0,0,0,0,6,14229,"SC"
"GOVERNADOR VALADARES",0,0,0,0,0,0,0,0,0,332,280901,"MG"
"GRACA",0,0,0,0,0,0,0,0,0,3,15307,"CE"
"GRANJA",0,0,0,0,0,0,0,0,0,5,54365,"CE"
"GRANJEIRO",0,0,0,0,0,0,0,0,0,3,4425,"CE"
"GRAVATAI",0,0,0,0,0,0,0,0,0,2,275146,"RS"
"GRAVATAL",0,0,0,0,0,0,0,0,0,1,11394,"SC"
"GROAIRAS",0,0,0,0,0,0,0,0,0,3,11012,"CE"
"GUADALUPE",0,0,0,0,0,0,0,0,0,5,10335,"PI"
"GUAIBA",0,0,0,0,0,0,0,0,0,2,99334,"RS"
"GUAICARA",0,0,0,0,0,0,0,0,0,4,11869,"SP"
"GUAIUBA",0,0,0,0,0,0,0,0,0,4,26331,"CE"
"GUAJARA",0,0,0,0,0,0,0,0,0,1,16339,"AM"
"GUAMIRANGA",0,0,0,0,0,0,0,0,0,12,8619,"PR"
"GUARACIABA DO NORTE",0,0,0,0,0,0,0,0,0,5,39445,"CE"
"GUARAMIRANGA",0,0,0,0,0,0,0,0,0,5,3547,"CE"
"GUARAMIRIM",0,0,0,0,0,0,0,0,0,6,42872,"SC"
"GUARULHOS",0,0,0,0,0,0,0,0,0,412,1349113,"SP"
"GUIRATINGA",0,0,0,0,0,0,0,0,0,3,14615,"MT"
"GURUPI",0,0,0,0,0,0,0,0,0,49,85523,"TO"
"HERVEIRAS",0,0,0,0,0,0,0,0,0,1,3070,"RS"
"HIDROLANDIA",0,0,0,0,0,0,0,0,0,3,20215,"CE"
"HORIZONTE",0,0,0,0,0,0,0,0,0,5,65928,"CE"
"HORIZONTINA",0,0,0,0,0,0,0,0,0,2,19338,"RS"
"HUMBERTO DE CAMPOS",0,0,0,0,0,0,0,0,0,139,28509,"MA"
"IBARETAMA",0,0,0,0,0,0,0,0,0,4,13218,"CE"
"IBIAPINA",0,0,0,0,0,0,0,0,0,3,24825,"CE"
"IBICOARA",0,0,0,0,0,0,0,0,0,4,19786,"BA"
"IBICUITINGA",0,0,0,0,0,0,0,0,0,5,12350,"CE"
"IBIRAMA",0,0,0,0,0,0,0,0,0,5,18721,"SC"
"IBIRAPUITA",0,0,0,0,0,0,0,0,0,2,4155,"RS"
"ICAPUI",0,0,0,0,0,0,0,0,0,9,19685,"CE"
"ICARA",0,0,0,0,0,0,0,0,0,7,54845,"SC"
"ICO",0,0,0,0,0,0,0,0,0,5,67486,"CE"
"ICONHA",0,0,0,0,0,0,0,0,0,4,14016,"ES"
"IGARAPE",0,0,0,0,0,0,0,0,0,1,41127,"MG"
"IGUATU",0,0,0,0,0,0,0,0,0,4,102614,"CE"
"ILHA GRANDE",0,0,0,0,0,0,0,0,0,2,9268,"PI"
"ILHOTA",0,0,0,0,0,0,0,0,0,1,13857,"SC"
"IMPERATRIZ",0,0,0,0,0,0,0,0,0,2,254569,"MA"
"INDEPENDENCIA",0,0,0,0,0,0,0,0,0,3,25967,"CE"
"IPAMERI",0,0,0,0,0,0,0,0,0,2,26747,"GO"
"IPAPORANGA",0,0,0,0,0,0,0,0,0,5,11499,"CE"
"IPAUMIRIM",0,0,0,0,0,0,0,0,0,2,12349,"CE"
"IPIACU",0,0,0,0,0,0,0,0,0,2,4285,"MG"
"IPIRANGA",0,0,0,0,0,0,0,0,0,13,15139,"PR"
"IPOJUCA",0,0,0,0,0,0,0,0,0,5,94533,"PE"
"IPU",0,0,0,0,0,0,0,0,0,3,41576,"CE"
"IPUEIRAS",0,0,0,0,0,0,0,0,0,2,1955,"TO"
"IRACEMA",0,0,0,0,0,0,0,0,0,7,10859,"RR"
"IRANDUBA",0,0,0,0,0,0,0,0,0,2,47407,"AM"
"IRATI",0,0,0,0,0,0,0,0,0,10,60425,"PR"
"IRAUCUBA",0,0,0,0,0,0,0,0,0,3,23858,"CE"
"ITABAIANA",0,0,0,0,0,0,0,0,0,2,24475,"PB"
"ITABERAI",0,0,0,0,0,0,0,0,0,2,40872,"GO"
"ITABIRA",0,0,0,0,0,0,0,0,0,3,119285,"MG"
"ITABIRITO",0,0,0,0,0,0,0,0,0,96,50816,"MG"
"ITACOATIARA",0,0,0,0,0,0,0,0,0,1,99854,"AM"
"ITAICABA",0,0,0,0,0,0,0,0,0,2,7738,"CE"
"ITAINOPOLIS",0,0,0,0,0,0,0,0,0,1,11343,"PI"
"ITAITINGA",0,0,0,0,0,0,0,0,0,5,39310,"CE"
"ITAJAI",0,0,0,0,0,0,0,0,0,1,212615,"SC"
"ITAPAGE",0,0,0,0,0,0,0,0,0,4,,
"ITAPECURU MIRIM",0,0,0,0,0,0,0,0,0,110,67726,"MA"
"ITAPEMA",0,0,0,0,0,0,0,0,0,4,61187,"SC"
"ITAPIPOCA",0,0,0,0,0,0,0,0,0,5,127465,"CE"
"ITAPIUNA",0,0,0,0,0,0,0,0,0,5,20014,"CE"
"ITAPORANGA D'AJUDA",0,0,0,0,0,0,0,0,0,1,34101,"SE"
"ITAPOROROCA",0,0,0,0,0,0,0,0,0,3,18715,"PB"
"ITAREMA",0,0,0,0,0,0,0,0,0,5,41230,"CE"
"ITATIRA",0,0,0,0,0,0,0,0,0,3,20675,"CE"
"ITAUEIRA",0,0,0,0,0,0,0,0,0,4,10845,"PI"
"ITAUNA",0,0,0,0,0,0,0,0,0,1,92696,"MG"
"ITUIUTABA",0,0,0,0,0,0,0,0,0,3,104526,"MG"
"ITUMBIARA",0,0,0,0,0,0,0,0,0,6,102513,"GO"
"ITUPEVA",0,2,0,1,14,28,10,0,55,173,57031,"SP"
"ITUPORANGA",0,0,0,0,0,0,0,0,0,2,24622,"SC"
"IVAI",0,0,0,0,0,0,0,0,0,14,13797,"PR"
"IVORA",0,0,0,0,0,0,0,0,0,2,2104,"RS"
"JACIARA",0,0,0,0,0,0,0,0,0,3,26633,"MT"
"JAGUAQUARA",0,0,0,0,0,0,0,0,0,3,56033,"BA"
"JAGUARAO",0,0,0,0,0,0,0,0,0,6,28156,"RS"
"JAGUARE",0,0,0,0,0,0,0,0,0,2,29642,"ES"
"JAGUARETAMA",0,0,0,0,0,0,0,0,0,4,17958,"CE"
"JAGUARIBARA",0,0,0,0,0,0,0,0,0,4,11295,"CE"
"JAGUARIBE",0,0,0,0,0,0,0,0,0,5,34448,"CE"
"JAGUARUANA",0,0,0,0,0,0,0,0,0,6,33740,"CE"
"JAGUARUNA",0,0,0,0,0,0,0,0,0,9,19527,"SC"
"JAICOS",0,0,0,0,0,0,0,0,0,4,18782,"PI"
"JANAUBA",0,0,0,0,0,0,0,0,0,1,71653,"MG"
"JAPARATUBA",0,0,0,0,0,0,0,0,0,3,18656,"SE"
"JAPOATA",0,0,0,0,0,0,0,0,0,2,13238,"SE"
"JARDIM",0,0,0,0,0,0,0,0,0,4,27076,"CE"
"JARDIM DE ANGICOS",0,0,0,0,0,0,0,0,0,47,2663,"RN"
"JARDIM DO SERIDO",0,0,0,0,0,0,0,0,0,39,12579,"RN"
"JATAI",0,0,0,0,0,0,0,0,0,11,98128,"GO"
"JATI",0,0,0,0,0,0,0,0,0,5,7847,"CE"
"JERUMENHA",0,0,0,0,0,0,0,0,0,4,4384,"PI"
"JIJOCA DE JERICOACOARA",0,0,0,0,0,0,0,0,0,5,19510,"CE"
"JOAO CAMARA",0,0,0,0,0,0,0,0,0,4,35087,"RN"
"JOAO PESSOA",0,0,0,0,0,0,0,0,0,3,811598,"PB"
"JOAO PINHEIRO",0,0,0,0,0,0,0,0,0,1,48751,"MG"
"JOSE DE FREITAS",0,0,0,0,0,0,0,0,0,4,38550,"PI"
"JUAZEIRO",0,0,0,0,0,0,0,0,0,6,221773,"BA"
"JUAZEIRO DO NORTE",0,0,0,0,0,0,0,0,0,3,270383,"CE"
"JUCAS",0,0,0,0,0,0,0,0,0,4,24597,"CE"
"JUINA",0,0,0,0,0,0,0,0,0,3,39779,"MT"
"JUIZ DE FORA",0,0,0,0,0,0,0,0,0,1,563769,"MG"
"JULIO DE CASTILHOS",0,0,0,0,0,0,0,0,0,7,20012,"RS"
"JUNDIA",0,0,0,0,0,0,0,0,0,31,3910,"RN"
"JURU",0,0,0,0,0,0,0,0,0,3,9868,"PB"
"LAGARTO",0,0,0,0,0,0,0,0,0,2,104099,"SE"
"LAGES",0,0,0,0,0,0,0,0,0,3,158508,"SC"
"LAGOA ALEGRE",0,0,0,0,0,0,0,0,0,2,8395,"PI"
"LAGOA DA CONFUSAO",0,0,0,0,0,0,0,0,0,6,12808,"TO"
"LAGOA DO BARRO DO PIAUI",0,0,0,0,0,0,0,0,0,1,4582,"PI"
"LAGOA DOS TRES CANTOS",0,0,0,0,0,0,0,0,0,2,1650,"RS"
"LAGOA NOVA",0,0,0,0,0,0,0,0,0,10,15590,"RN"
"LAGOA SANTA",0,0,0,0,0,0,0,0,0,3,61752,"MG"
"LAJEADO",0,0,0,0,0,0,0,0,0,2,3092,"TO"
"LAJES PINTADAS",0,0,0,0,0,0,0,0,0,110,4822,"RN"
"LARANJEIRAS",0,0,0,0,0,0,0,0,0,2,29700,"SE"
"LAVRAS DA MANGABEIRA",0,0,0,0,0,0,0,0,0,4,31335,"CE"
"LAVRAS DO SUL",0,0,0,0,0,0,0,0,0,1,7807,"RS"
"LEOBERTO LEAL",0,0,0,0,0,0,0,0,0,3,3140,"SC"
"LEOPOLDINA",0,0,0,0,0,0,0,0,0,2,53354,"MG"
"LIMOEIRO DO NORTE",0,0,0,0,0,0,0,0,0,5,58915,"CE"
"LINHARES",0,0,0,0,0,0,0,0,0,4,169048,"ES"
"LONTRAS",0,0,0,0,0,0,0,0,0,1,11774,"SC"
"LUCAS DO RIO VERDE",0,0,0,0,0,0,0,0,0,6,61515,"MT"
"LUIS CORREIA",0,0,0,0,0,0,0,0,0,2,29792,"PI"
"LUIS EDUARDO MAGALHAES",0,0,0,0,0,0,0,0,0,4,83557,"BA"
"LUZIANIA",0,0,0,0,0,0,0,0,0,1,199615,"GO"
"MACAIBA",0,0,0,0,0,0,0,0,0,275,80031,"RN"
"MACEIO",0,0,0,0,0,0,0,0,0,40,1029129,"AL"
"MACHACALIS",0,0,0,0,0,0,0,0,0,37,7237,"MG"
"MADALENA",0,0,0,0,0,0,0,0,0,5,19800,"CE"
"MAGDA",0,0,0,0,0,0,0,1,1,1,3185,"SP"
"MAIRIPORA",0,0,0,0,0,0,0,0,0,162,95601,"SP"
"MAJOR GERCINO",0,0,0,0,0,0,0,0,0,1,3429,"SC"
"MALLET",0,0,0,0,0,0,0,0,0,14,13738,"PR"
"MAMPITUBA",0,0,0,0,0,0,0,0,0,4,3079,"RS"
"MANAUS",0,0,0,0,0,0,0,0,0,220,2130264,"AM"
"MANCIO LIMA",0,0,0,0,0,0,0,0,0,1,17910,"AC"
"MANHUACU",0,0,0,0,0,0,0,0,0,2,88580,"MG"
"MAQUINE",0,0,0,0,0,0,0,0,0,6,7016,"RS"
"MARACANAU",0,0,0,0,0,0,0,0,0,4,224804,"CE"
"MARANGUAPE",0,0,0,0,0,0,0,0,0,4,126486,"CE"
"MARATAIZES",0,0,0,0,0,0,0,0,0,2,38670,"ES"
"MARAVILHA",0,0,0,0,0,0,0,0,0,3,9418,"AL"
"MARCO",0,0,0,0,0,0,0,0,0,4,26981,"CE"
"MARIANA",0,0,0,0,0,0,0,0,0,13,59857,"MG"
"MARIBONDO",0,0,0,0,0,0,0,0,0,1,13514,"AL"
"MARINGA",0,0,0,0,0,0,1,0,1,54,406693,"PR"
"MARITUBA",0,0,0,0,0,0,0,0,0,2,127858,"PA"
"MARTINOPOLE",0,0,0,0,0,0,0,0,0,4,11082,"CE"
"MARTINS SOARES",0,0,0,0,0,0,0,0,0,1,8172,"MG"
"MASSAPE",0,0,0,0,0,0,0,0,0,4,38210,"CE"
"MASSARANDUBA",0,0,0,0,0,0,0,0,0,4,13853,"PB"
"MATOES",0,0,0,0,0,0,0,0,0,7,33374,"MA"
"MAUA",0,0,0,0,0,0,0,0,0,6,462005,"SP"
"MAURITI",0,0,0,0,0,0,0,0,0,5,46548,"CE"
"MAXARANGUAPE",0,0,0,0,0,0,0,0,0,34,12223,"RN"
"MELEIRO",0,0,0,0,0,0,0,0,0,10,7047,"SC"
"MERUOCA",0,0,0,0,0,0,0,0,0,3,14948,"CE"
"MIGUEL ALVES",0,0,0,0,0,0,0,0,0,3,33209,"PI"
"MILAGRES",0,0,0,0,0,0,0,0,0,5,28231,"CE"
"MILHA",0,0,0,0,0,0,0,0,0,3,13136,"CE"
"MINEIROS",0,0,0,0,0,0,0,0,0,7,62750,"GO"
"MIRACEMA DO TOCANTINS",0,0,0,0,0,0,0,0,0,57,19055,"TO"
"MIRAIMA",0,0,0,0,0,0,0,0,0,4,13583,"CE"
"MIRANORTE",0,0,0,0,0,0,0,0,0,15,13426,"TO"
"MIRIM DOCE",0,0,0,0,0,0,0,0,0,1,2374,"SC"
"MISSAO VELHA",0,0,0,0,0,0,0,0,0,4,35409,"CE"
"MOEDA",0,0,0,0,0,0,0,0,0,1,4957,"MG"
"MOMBACA",0,0,0,0,0,0,0,0,0,4,43735,"CE"
"MONCAO",0,0,0,0,0,0,0,0,0,1,33156,"MA"
"MONDAI",0,0,0,0,0,0,0,0,0,1,11496,"SC"
"MONSENHOR TABOSA",0,0,0,0,0,0,0,0,0,3,17038,"CE"
"MONTANHAS",0,0,0,0,0,0,0,0,0,36,11503,"RN"
"MONTE ALEGRE DE MINAS",0,0,0,0,0,0,0,0,0,3,21095,"MG"
"MONTE AZUL PAULISTA",0,0,0,0,0,0,0,0,0,7,19234,"SP"
"MONTE DO CARMO",0,0,0,0,0,0,0,0,0,3,7770,"TO"
"MONTES CLAROS",0,0,0,0,0,0,0,0,0,2,402027,"MG"
"MONTIVIDIU",0,0,0,0,0,0,0,0,0,7,12566,"GO"
"MORADA NOVA",0,0,0,0,0,0,0,0,0,5,61548,"CE"
"MORAUJO",0,0,0,0,0,0,0,0,0,4,8636,"CE"
"MORMACO",0,0,0,0,0,0,0,0,0,2,2986,"RS"
"MORRINHOS",0,0,0,0,0,0,0,0,0,7,22222,"CE"
"MOSSORO",0,0,0,0,0,0,0,0,0,1,295619,"RN"
"MUCAMBO",0,0,0,0,0,0,0,0,0,3,14377,"CE"
"MUCUGE",0,0,0,0,0,0,0,0,0,3,9957,"BA"
"MUITOS CAPOES",0,0,0,0,0,0,0,0,0,3,3156,"RS"
"MULUNGU",0,0,0,0,0,0,0,0,0,4,12831,"CE"
"NATAL",0,0,0,0,0,0,0,0,0,1,885180,"RN"
"NATIVIDADE",0,0,0,0,0,0,0,0,0,20,9312,"TO"
"NAZARE DO PIAUI",0,0,0,0,0,0,0,0,0,2,7231,"PI"
"NEOPOLIS",0,0,0,0,0,0,0,0,0,1,18953,"SE"
"NICOLAU VERGUEIRO",0,0,0,0,0,0,0,0,0,2,1752,"RS"
"NISIA FLORESTA",0,0,0,0,0,0,0,0,0,1,27372,"RN"
"NORMANDIA",0,0,0,0,0,0,0,0,0,3,10527,"RR"
"NOSSA SENHORA DO LIVRAMENTO",0,0,0,0,0,0,0,0,0,1,12484,"MT"
"NOVA CANAA DO NORTE",0,0,0,0,0,0,0,0,0,3,12388,"MT"
"NOVA CRUZ",0,0,0,0,0,0,0,0,0,5,37695,"RN"
"NOVA FRIBURGO",0,0,0,0,2,0,0,0,2,16,185381,"RJ"
"NOVA GLORIA",0,0,0,0,0,0,0,0,0,1,8521,"GO"
"NOVA LIMA",0,0,0,0,0,0,0,0,0,2,92178,"MG"
"NOVA MUTUM",0,0,0,0,0,0,0,0,0,6,42607,"MT"
"NOVA OLIMPIA",0,0,0,0,0,0,0,0,0,2,5829,"PR"
"NOVA OLINDA",0,0,0,0,0,0,0,0,0,4,11715,"TO"
"NOVA PALMA",0,0,0,0,0,0,0,0,0,5,6605,"RS"
"NOVA PETROPOLIS",0,0,0,0,0,0,0,0,0,4,20675,"RS"
"NOVA PONTE",0,0,0,0,0,0,0,0,0,35,14934,"MG"
"NOVA RUSSAS",0,0,0,0,0,0,0,0,0,4,32035,"CE"
"NOVA TRENTO",0,0,0,0,0,0,0,0,0,2,14099,"SC"
"NOVA UBIRATA",0,0,0,0,0,0,0,0,0,2,11352,"MT"
"NOVO AIRAO",0,0,0,0,0,0,0,0,0,2,18586,"AM"
"NOVO ALEGRE",0,0,0,0,0,0,0,0,0,8,2353,"TO"
"NOVO HAMBURGO",0,0,0,0,0,0,0,0,0,3,249508,"RS"
"NOVO MUNDO",0,0,0,0,0,0,0,0,0,3,8730,"MT"
"NOVO ORIENTE",0,0,0,0,0,0,0,0,0,3,28353,"CE"
"OCARA",0,0,0,0,0,0,0,0,0,4,25394,"CE"
"OROS",0,0,0,0,0,0,0,0,0,5,21292,"CE"
"OURO BRANCO",0,0,0,0,0,0,0,0,0,2,4882,"RN"
"OURO PRETO",0,0,0,0,0,0,0,0,0,1,74659,"MG"
"PACAJUS",0,0,0,0,0,0,0,0,0,5,70911,"CE"
"PACARAIMA",0,0,0,0,0,0,0,0,0,4,12375,"RR"
"PACATUBA",0,0,0,0,0,0,0,0,0,4,82824,"CE"
"PACOTI",0,0,0,0,0,0,0,0,0,5,11960,"CE"
"PACUJA",0,0,0,0,0,0,0,0,0,5,6202,"CE"
"PADRE MARCOS",0,0,0,0,0,0,0,0,0,3,6758,"PI"
"PALHANO",0,0,0,0,0,0,0,0,0,5,9285,"CE"
"PALHOCA",0,0,0,0,0,0,0,0,0,3,164926,"SC"
"PALMACIA",0,0,0,0,0,0,0,0,0,4,13145,"CE"
"PALMARES DO SUL",0,0,0,0,0,0,0,0,0,3,11449,"RS"
"PALMAS",0,0,0,0,0,0,0,0,0,40,286787,"TO"
"PALMEIRA DOS INDIOS",0,0,0,0,0,0,0,0,0,3,74208,"AL"
"PAPANDUVA",0,0,0,0,0,0,0,0,0,3,19015,"SC"
"PARA DE MINAS",0,0,0,0,0,0,0,0,0,1,92739,"MG"
"PARACATU",0,0,0,0,0,0,0,0,0,6,92386,"MG"
"PARACURU",0,0,0,0,0,0,0,0,0,5,33894,"CE"
"PARAIBANO",0,0,0,0,0,0,0,0,0,5,21116,"MA"
"PARAIPABA",0,0,0,0,0,0,0,0,0,4,32515,"CE"
"PARAISO DO SUL",0,0,0,0,0,0,0,0,0,5,7677,"RS"
"PARAISO DO TOCANTINS",0,0,0,0,0,0,0,0,0,68,50360,"TO"
"PARAMBU",0,0,0,0,0,0,0,0,0,4,31137,"CE"
"PARAMOTI",0,0,0,0,0,0,0,0,0,5,11578,"CE"
"PARANATINGA",0,0,0,0,0,0,0,0,0,2,21612,"MT"
"PARANOA",0,0,0,0,0,0,0,0,0,2,,
"PARAUNA",0,0,0,0,0,0,0,0,0,1,11221,"GO"
"PARAZINHO",0,0,0,0,0,0,0,0,0,340,5258,"RN"
"PARELHAS",0,0,0,0,0,0,0,0,0,28,21669,"RN"
"PARK WAY",0,0,0,0,0,0,0,0,0,2,,
"PARNAMIRIM",0,0,0,0,0,0,0,0,0,116,254709,"RN"
"PASSAGEM",0,0,0,0,0,0,0,0,0,12,3109,"RN"
"PASSOS",0,0,0,0,0,0,0,0,0,1,114458,"MG"
"PASTOS BONS",0,0,0,0,0,0,0,0,0,13,19271,"MA"
"PATOS DO PIAUI",0,0,0,0,0,0,0,0,0,4,6288,"PI"
"PAULISTANA",0,0,0,0,0,0,0,0,0,8,20192,"PI"
"PAULO BENTO",0,0,0,0,0,0,0,0,0,1,2308,"RS"
"PAULO LOPES",0,0,0,0,0,0,0,0,0,1,7360,"SC"
"PEDRA BRANCA",0,0,0,0,0,0,0,0,0,5,42841,"CE"
"PEDRA GRANDE",0,0,0,0,0,0,0,0,0,17,3356,"RN"
"PEDRA PRETA",0,0,0,0,0,0,0,0,0,2,2532,"RN"
"PEDRAS GRANDES",0,0,0,0,0,0,0,0,0,2,4026,"SC"
"PEDREIRAS",0,0,0,0,0,0,0,0,0,6,38365,"MA"
"PEDRO AFONSO",0,0,0,0,0,0,0,0,0,6,13288,"TO"
"PEDRO LEOPOLDO",0,0,0,0,0,0,0,0,0,1,63837,"MG"
"PEIXE",0,0,0,0,0,0,0,0,0,5,11591,"TO"
"PEJUCARA",0,0,0,0,0,0,0,0,0,1,4043,"RS"
"PENAFORTE",0,0,0,0,0,0,0,0,0,5,8956,"CE"
"PENHA",0,0,0,0,0,0,0,0,0,3,31025,"SC"
"PENTECOSTE",0,0,0,0,0,0,0,0,0,4,37077,"CE"
"PEREIRO",0,0,0,0,0,0,0,0,0,4,16163,"CE"
"PERIQUITO",0,0,0,0,0,0,0,0,0,28,7060,"MG"
"PEROLANDIA",0,0,0,0,0,0,0,0,0,6,3135,"GO"
"PESCARIA BRAVA",0,0,0,0,0,0,0,0,0,2,9980,"SC"
"PETROLANDIA",0,0,0,0,0,0,0,0,0,1,36108,"PE"
"PETROPOLIS",0,0,0,0,0,0,0,0,0,18,298235,"RJ"
"PICOS",0,0,0,0,0,0,0,0,0,2,76928,"PI"
"PINDORETAMA",0,0,0,0,0,0,0,0,0,5,20644,"CE"
"PINHAIS",0,0,0,0,0,0,0,0,0,5,129445,"PR"
"PINHAL GRANDE",0,0,0,0,0,0,0,0,0,3,4544,"RS"
"PINHALZINHO",0,0,0,0,0,0,0,0,0,1,14763,"SP"
"PINHEIROS",0,0,0,0,0,0,0,0,0,2,27130,"ES"
"PIQUET CARNEIRO",0,0,0,0,0,0,0,0,0,4,16731,"CE"
"PIRES FERREIRA",0,0,0,0,0,0,0,0,0,4,10784,"CE"
"PIRIPIRI",0,0,0,0,0,0,0,0,0,4,62733,"PI"
"PIRPIRITUBA",0,0,0,0,0,0,0,0,0,2,10585,"PB"
"PLACIDO DE CASTRO",0,0,0,0,0,0,0,0,0,2,18510,"AC"
"PLANALTINA",0,0,0,0,0,0,0,0,0,1,88863,"GO"
"POCO BRANCO",0,0,0,0,0,0,0,0,0,11,15418,"RN"
"POMBOS",0,0,0,0,0,0,0,0,0,2,26960,"PE"
"POMERODE",0,0,0,0,0,0,0,0,0,3,32334,"SC"
"POMPEU",0,0,0,0,0,0,0,0,0,1,31612,"MG"
"PONTA PORA",0,0,0,0,0,0,0,0,0,13,89592,"MS"
"PONTES E LACERDA",0,0,0,0,0,0,0,0,0,3,43832,"MT"
"PORANGA",0,0,0,0,0,0,0,0,0,2,12243,"CE"
"PORCIUNCULA",0,0,0,0,0,0,0,0,0,2,18248,"RJ"
"PORTEIRAS",0,0,0,0,0,0,0,0,0,5,14921,"CE"
"PORTEIRINHA",0,0,0,0,0,0,0,0,0,1,38741,"MG"
"PORTO BELO",0,0,0,0,0,0,0,0,0,1,20294,"SC"
"PORTO DOS GAUCHOS",0,0,0,0,0,0,0,0,0,3,5283,"MT"
"PORTO FRANCO",0,0,0,0,0,0,0,0,0,8,23760,"MA"
"PORTO NACIONAL",0,0,0,0,0,0,0,0,0,102,52828,"TO"
"POTENGI",0,0,0,0,0,0,0,0,0,4,10918,"CE"
"POTIRETAMA",0,0,0,0,0,0,0,0,0,1,6356,"CE"
"POUSO REDONDO",0,0,0,0,0,0,0,0,0,1,16957,"SC"
"POXOREO",0,0,0,0,0,0,0,0,0,2,,
"PRESIDENTE DUTRA",0,0,0,0,0,0,0,0,0,11,47239,"MA"
"PRESIDENTE KENNEDY",0,0,0,0,0,0,0,0,0,3,3733,"TO"
"PRESIDENTE NEREU",0,0,0,0,0,0,0,0,0,1,2304,"SC"
"PRIMAVERA DO LESTE",0,0,0,0,0,0,0,0,0,6,59293,"MT"
"PRIMEIRA CRUZ",0,0,0,0,0,0,0,0,0,6,15207,"MA"
"PROGRESSO",0,0,0,0,0,0,0,0,0,2,6379,"RS"
"PROPRIA",0,0,0,0,0,0,0,0,0,1,29834,"SE"
"PRUDENTOPOLIS",0,0,0,0,0,0,0,0,0,10,52125,"PR"
"PUREZA",0,0,0,0,0,0,0,0,0,17,9568,"RN"
"QUARAI",0,0,0,0,0,0,0,0,0,2,23532,"RS"
"QUERENCIA",0,0,0,0,0,0,0,0,0,2,16512,"MT"
"QUIRINOPOLIS",0,0,0,0,0,0,0,0,0,9,48508,"GO"
"QUITERIANOPOLIS",0,0,0,0,0,0,0,0,0,3,20860,"CE"
"QUIXADA",0,0,0,0,0,0,0,0,0,1,86605,"CE"
"QUIXELO",0,0,0,0,0,0,0,0,0,3,14860,"CE"
"QUIXERAMOBIM",0,0,0,0,0,0,0,0,0,2,78658,"CE"
"QUIXERE",0,0,0,0,0,0,0,0,0,4,21876,"CE"
"RANCHO QUEIMADO",0,0,0,0,0,0,0,0,0,2,2871,"SC"
"REDENCAO",0,0,0,0,0,0,0,0,0,4,82464,"PA"
"RELVADO",0,0,0,0,0,0,0,0,0,2,2187,"RS"
"RERIUTABA",0,0,0,0,0,0,0,0,0,4,18769,"CE"
"RESPLENDOR",0,0,0,0,0,0,0,0,0,3,17715,"MG"
"RESSAQUINHA",0,0,0,0,0,0,0,0,0,1,4861,"MG"
"RIACHAO",0,0,0,0,0,0,0,0,0,3,19701,"MA"
"RIACHAO DAS NEVES",0,0,0,0,0,0,0,0,0,4,23313,"BA"
"RIACHO DOS MACHADOS",0,0,0,0,0,0,0,0,0,2,9672,"MG"
"RIBEIRAO DAS NEVES",0,0,0,0,0,0,0,0,0,2,328871,"MG"
"RIBEIRAOZINHO",0,0,0,0,0,0,0,0,0,4,2320,"MT"
"RIBEIRO GONCALVES",0,0,0,0,0,0,0,0,0,3,7214,"PI"
"RIO AZUL",0,0,0,0,0,0,0,0,0,11,15125,"PR"
"RIO DO CAMPO",0,0,0,0,0,0,0,0,0,2,6043,"SC"
"RIO DO OESTE",0,0,0,0,0,0,0,0,0,4,7463,"SC"
"RIO DO SUL",0,0,0,0,0,0,0,0,0,1,69188,"SC"
"RIO GRANDE",0,0,0,0,0,0,0,0,0,4,209378,"RS"
"RIO NEGRINHO",0,0,0,0,0,0,0,0,0,6,42029,"SC"
"RIO PARDO",0,0,0,0,0,0,0,0,0,3,39000,"RS"
"RIO SONO",0,0,0,0,0,0,0,0,0,19,6512,"TO"
"RODRIGUES ALVES",0,0,0,0,0,0,0,0,0,1,17945,"AC"
"ROLANTE",0,0,0,0,0,0,0,0,0,1,20920,"RS"
"RONDONOPOLIS",0,0,0,0,0,0,0,0,0,4,222316,"MT"
"RORAINOPOLIS",0,0,0,0,0,0,0,0,0,5,28215,"RR"
"ROSARIO DO SUL",0,0,0,0,0,0,0,0,0,2,40727,"RS"
"ROSARIO OESTE",0,0,0,0,0,0,0,0,0,2,16908,"MT"
"RUSSAS",0,0,0,0,0,0,0,0,0,6,76475,"CE"
"SABARA",0,0,0,0,0,0,0,0,0,2,135968,"MG"
"SABOEIRO",0,0,0,0,0,0,0,0,0,3,15678,"CE"
"SALETE",0,0,0,0,0,0,0,0,0,1,7634,"SC"
"SALINAS",0,0,0,0,0,0,0,0,0,1,41678,"MG"
"SALITRE",0,0,0,0,0,0,0,0,0,3,16331,"CE"
"SANANDUVA",0,0,0,0,0,0,0,0,0,4,16237,"RS"
"SANGAO",0,0,0,0,0,0,0,0,0,2,12233,"SC"
"SANT'ANA DO LIVRAMENTO",0,0,0,0,0,0,0,0,0,6,82312,"RS"
"SANTA BARBARA DO PARA",0,0,0,0,0,0,0,0,0,2,20492,"PA"
"SANTA BARBARA DO TUGURIO",0,0,0,0,0,0,0,0,0,1,4590,"MG"
"SANTA CARMEM",0,0,0,0,0,0,0,0,0,3,4360,"MT"
"SANTA CRUZ",0,0,0,0,0,0,0,0,0,227,39667,"RN"
"SANTA HELENA DE GOIAS",0,0,0,0,0,0,0,0,0,4,38743,"GO"
"SANTA LUZIA",0,0,0,0,0,0,0,0,0,2,71576,"MA"
"SANTA MARGARIDA DO SUL",0,0,0,0,0,0,0,0,0,1,2519,"RS"
"SANTA MARIA",0,0,0,0,0,0,0,0,0,49,5500,"RN"
"SANTA MARIA DA SERRA",0,0,0,0,0,0,2,0,2,2,6021,"SP"
"SANTA MARIA DE JETIBA",0,0,0,0,0,0,0,0,0,2,39928,"ES"
"SANTA MARIA DO HERVAL",0,0,0,0,0,0,0,0,0,2,6358,"RS"
"SANTA QUITERIA",0,0,0,0,0,0,0,0,0,4,43360,"CE"
"SANTA RITA",0,0,0,0,0,0,0,0,0,7,37090,"MA"
"SANTA ROSA",0,0,0,0,0,0,0,0,0,5,72753,"RS"
"SANTA ROSA DE LIMA",0,0,0,0,0,0,0,0,0,1,3938,"SE"
"SANTA TERESA",0,0,0,0,0,0,0,0,0,2,24025,"ES"
"SANTA TEREZINHA",0,0,0,0,0,0,0,0,0,3,11734,"PE"
"SANTANA DO ACARAU",0,0,0,0,0,0,0,0,0,3,32023,"CE"
"SANTANA DO ARAGUAIA",0,0,0,0,0,0,0,0,0,3,70764,"PA"
"SANTANA DO CARIRI",0,0,0,0,0,0,0,0,0,4,17489,"CE"
"SANTANA DO GARAMBEU",0,2,0,0,0,0,0,0,2,2,2436,"MG"
"SANTANA DO RIACHO",0,0,0,0,0,0,0,0,0,1,4301,"MG"
"SANTANA DO SERIDO",0,0,0,0,0,0,0,0,0,42,2701,"RN"
"SANTIAGO DO SUL",0,0,0,0,0,0,2,0,2,4,1317,"SC"
"SANTO AMARO DA IMPERATRIZ",0,0,0,0,0,0,0,0,0,1,22609,"SC"
"SANTO ANGELO",0,0,0,0,0,0,0,0,0,4,79101,"RS"
"SANTO ANTONIO DAS MISSOES",0,0,0,0,0,0,0,0,0,2,11051,"RS"
"SANTO ANTONIO DE JESUS",0,0,0,0,0,0,0,0,0,2,103342,"BA"
"SANTO ANTONIO DO LEVERGER",0,0,0,0,0,0,0,0,0,3,18392,"MT"
"SANTO ANTONIO DO PLANALTO",1,0,0,0,0,0,0,0,1,1,2059,"RS"
"SANTO ANTONIO DO TAUA",0,0,0,0,0,0,0,0,0,12,30611,"PA"
"SAO BENEDITO",0,0,0,0,0,0,0,0,0,5,46648,"CE"
"SAO BENTO",0,0,0,0,0,0,0,0,0,1,46039,"MA"
"SAO BENTO DO TRAIRI",0,0,0,0,0,0,0,0,0,7,4425,"RN"
"SAO BORJA",0,0,0,0,0,0,0,0,0,5,62808,"RS"
"SAO DESIDERIO",0,0,0,0,0,0,0,0,0,8,33661,"BA"
"SAO DOMINGOS DO AZEITAO",0,0,0,0,0,0,0,0,0,1,7291,"MA"
"SAO DOMINGOS DO MARANHAO",0,0,0,0,0,0,0,0,0,7,33691,"MA"
"SAO FELIX DO ARAGUAIA",0,0,0,0,0,0,0,0,0,1,11290,"MT"
"SAO FRANCISCO DO SUL",0,0,0,0,0,0,0,0,0,5,50701,"SC"
"SAO GABRIEL DA CACHOEIRA",0,0,0,0,0,0,0,0,0,1,44553,"AM"
"SAO GABRIEL DO OESTE",0,0,0,0,0,0,0,0,0,19,25898,"MS"
"SAO GONCALO DO AMARANTE",0,0,0,0,0,0,0,0,0,5,48265,"CE"
"SAO GONCALO DO GURGUEIA",0,0,0,0,0,0,0,0,0,3,2988,"PI"
"SAO JOAO DA BALIZA",0,0,0,0,0,0,0,0,0,4,7740,"RR"
"SAO JOAO DA BARRA",0,0,0,0,0,0,0,0,0,3,35174,"RJ"
"SAO JOAO DA FRONTEIRA",0,0,0,0,0,0,0,0,0,4,5938,"PI"
"SAO JOAO DO CARIRI",0,0,0,0,0,0,0,0,0,5,4296,"PB"
"SAO JOAO DO JAGUARIBE",0,0,0,0,0,0,0,0,0,5,7621,"CE"
"SAO JOAO DO PIAUI",0,0,0,0,0,0,0,0,0,2,20258,"PI"
"SAO JOAO DO POLESINE",0,0,0,0,0,0,0,0,0,5,2646,"RS"
"SAO JOAO DO TRIUNFO",0,0,0,0,0,0,0,0,0,12,14927,"PR"
"SAO JOAQUIM",0,0,0,0,0,0,0,0,0,6,26646,"SC"
"SAO JOSE",0,0,0,0,0,0,0,0,0,1,239718,"SC"
"SAO JOSE DE MIPIBU",0,0,0,0,0,0,0,0,0,1,43995,"RN"
"SAO JOSE DE PIRANHAS",0,0,0,0,0,0,0,0,0,3,20163,"PB"
"SAO JOSE DO HORTENCIO",0,0,0,0,0,0,0,0,0,1,4543,"RS"
"SAO JOSE DO RIO CLARO",0,0,0,0,0,0,0,0,0,2,19728,"MT"
"SAO JULIAO",0,0,0,0,0,0,0,0,0,7,6261,"PI"
"SAO LOURENCO DO PIAUI",0,0,0,0,0,0,0,0,0,3,4501,"PI"
"SAO LOURENCO DO SUL",0,0,0,0,0,0,0,0,0,3,44580,"RS"
"SAO LUDGERO",0,0,0,0,0,0,0,0,0,1,12934,"SC"
"SAO LUIS",0,0,0,0,0,0,0,0,0,582,1091868,"MA"
"SAO LUIS DO CURU",0,0,0,0,0,0,0,0,0,4,12849,"CE"
"SAO LUIZ",0,0,0,0,0,0,0,0,0,3,7597,"RR"
"SAO MARCOS",0,0,0,0,0,0,0,0,0,1,21364,"RS"
"SAO MARTINHO",0,0,0,0,0,0,0,0,0,2,3210,"SC"
"SAO MATEUS",0,0,0,0,0,0,0,0,0,2,128449,"ES"
"SAO MATEUS DO SUL",0,0,0,0,0,0,0,0,0,17,45398,"PR"
"SAO PAULO",0,0,0,0,0,0,0,0,0,5272,12106920,"SP"
"SAO PAULO DO POTENGI",0,0,0,0,0,0,0,0,0,80,17572,"RN"
"SAO PEDRO DA AGUA BRANCA",0,0,0,0,0,0,0,0,0,8,12511,"MA"
"SAO RAIMUNDO DAS MANGABEIRAS",0,0,0,0,0,0,0,0,0,6,18680,"MA"
"SAO RAIMUNDO NONATO",0,0,0,0,0,0,0,0,0,8,34109,"PI"
"SAO SEPE",0,0,0,0,0,0,0,0,0,6,24403,"RS"
"SAO VALENTIM",0,0,0,0,0,0,0,0,0,1,3581,"RS"
"SAPE",0,0,0,0,0,0,0,0,0,3,52697,"PB"
"SAPEZAL",0,0,0,0,0,0,0,0,0,8,24305,"MT"
"SAUDE",0,0,0,0,0,0,0,0,0,1,13385,"BA"
"SELVIRIA",0,0,0,0,5,0,0,0,5,11,6482,"MS"
"SENADOR ALEXANDRE COSTA",0,0,0,0,0,0,0,0,0,10,11042,"MA"
"SENADOR POMPEU",0,0,0,0,0,0,0,0,0,5,26447,"CE"
"SENADOR SA",0,0,0,0,0,0,0,0,0,3,7513,"CE"
"SENHORA DOS REMEDIOS",0,0,0,0,0,0,0,0,0,2,10622,"MG"
"SENTO SE",0,0,0,0,0,0,0,0,0,2,41891,"BA"
"SERRA DA RAIZ",0,0,0,0,0,0,0,0,0,1,3121,"PB"
"SERRA DO MEL",0,0,0,0,0,0,0,0,0,1,11838,"RN"
"SERRANOPOLIS",0,0,0,0,0,0,0,0,0,5,8323,"GO"
"SERRINHA",0,0,0,0,0,0,0,0,0,82,6422,"RN"
"SERTAO",0,0,0,0,0,0,0,0,0,4,6065,"RS"
"SERTAOZINHO",0,0,0,0,0,0,0,0,0,2,5044,"PB"
"SEVERINIA",0,0,0,0,0,0,0,0,0,73,17115,"SP"
"SILVANOPOLIS",0,0,0,0,0,0,0,0,0,12,5399,"TO"
"SILVEIRA MARTINS",0,0,0,0,0,0,0,0,0,2,2481,"RS"
"SINIMBU",0,0,0,0,0,0,0,0,0,1,10408,"RS"
"SINOP",0,0,0,0,0,0,0,0,0,4,135874,"MT"
"SITIO NOVO",0,0,0,0,0,0,0,0,0,12,17851,"MA"
"SOBRADINHO",0,0,0,0,0,0,0,0,0,7,23713,"BA"
"SOBRAL",0,0,0,0,0,0,0,0,0,4,205529,"CE"
"SOLONOPOLE",0,0,0,0,0,0,0,0,0,5,18158,"CE"
"SOMBRIO",0,0,0,0,0,0,0,0,0,12,29710,"SC"
"SORRISO",0,0,0,0,0,0,0,0,0,13,85223,"MT"
"TABAI",0,0,0,0,0,0,0,0,0,1,4526,"RS"
"TABAPORA",0,0,0,0,0,0,0,0,0,3,9309,"MT"
"TABULEIRO DO NORTE",0,0,0,0,0,0,0,0,0,5,30489,"CE"
"TAIO",0,0,0,0,0,0,0,0,0,8,18261,"SC"
"TAMBORIL",0,0,0,0,0,0,0,0,0,4,25525,"CE"
"TANGARA",0,0,0,0,0,0,0,0,0,36,15866,"RN"
"TANGARA DA SERRA",0,0,0,0,0,0,0,0,0,3,98828,"MT"
"TAPURAH",0,0,0,5,0,0,0,0,5,5,12967,"MT"
"TAQUARAL",0,0,0,0,0,0,0,0,0,8,2823,"SP"
"TARRAFAS",0,0,0,0,0,0,0,0,0,4,8852,"CE"
"TAUA",0,0,0,0,0,0,0,0,0,5,58119,"CE"
"TEJUCUOCA",0,0,0,0,0,0,0,0,0,4,18902,"CE"
"TENENTE LAURENTINO CRUZ",0,0,0,0,0,0,0,0,0,15,5912,"RN"
"TEOFILO OTONI",0,0,0,0,0,0,0,0,0,2,141934,"MG"
"TERESINA",0,0,0,0,0,0,0,0,0,56,850198,"PI"
"TERESOPOLIS",0,0,0,0,0,0,0,0,0,25,176060,"RJ"
"TERRA NOVA DO NORTE",0,0,0,0,0,0,0,0,0,3,9606,"MT"
"TIANGUA",0,0,0,0,0,0,0,0,0,3,74719,"CE"
"TIBAU DO SUL",0,0,0,0,0,0,0,0,0,62,13895,"RN"
"TIMOTEO",0,0,0,0,0,0,0,0,0,1,88931,"MG"
"TIO HUGO",0,0,0,0,0,0,0,0,0,2,2946,"RS"
"TOCANTINIA",0,0,0,0,0,0,0,0,0,10,7460,"TO"
"TRACUATEUA",0,0,0,0,0,0,0,0,0,4,30108,"PA"
"TRAIRI",0,0,0,0,0,0,0,0,0,5,55207,"CE"
"TRAJANO DE MORAES",0,0,0,0,0,0,0,0,0,19,10352,"RJ"
"TRAVESSEIRO",0,0,0,0,0,0,0,0,0,1,2391,"RS"
"TRES PASSOS",0,0,0,0,0,0,0,0,0,3,24632,"RS"
"TROMBUDO CENTRAL",0,0,0,0,0,0,0,0,0,1,7211,"SC"
"TUMIRITINGA",0,0,0,0,0,0,0,0,0,28,6739,"MG"
"TUNAS",0,0,0,0,0,0,0,0,0,2,4604,"RS"
"TUPANCIRETA",0,0,0,0,0,0,0,0,0,4,23705,"RS"
"TURIACU",0,0,0,0,0,0,0,0,0,3,35063,"MA"
"TURURU",0,0,0,0,0,0,0,0,0,5,15935,"CE"
"UBA",0,0,0,0,0,0,0,0,0,2,113300,"MG"
"UBAJARA",0,0,0,0,0,0,0,0,0,4,34332,"CE"
"UBERABA",0,0,0,0,0,0,0,0,0,1,328272,"MG"
"UIRAMUTA",0,0,0,0,0,0,0,0,0,2,9836,"RR"
"ULIANOPOLIS",0,0,0,0,0,0,0,0,0,2,57525,"PA"
"UMARI",0,0,0,0,0,0,0,0,0,4,7671,"CE"
"UMIRIM",0,0,0,0,0,0,0,0,0,5,19679,"CE"
"UNAI",0,0,0,0,0,0,0,0,0,2,83980,"MG"
"UNIAO",0,0,0,0,0,0,0,0,0,2,43761,"PI"
"URUBURETAMA",0,0,0,0,0,0,0,0,0,66,21609,"CE"
"URUCUI",0,0,0,0,0,0,0,0,0,5,21188,"PI"
"URUGUAIANA",0,0,0,0,0,0,0,0,0,1,129784,"RS"
"URUOCA",0,0,0,0,0,0,0,0,0,3,13677,"CE"
"VALE DO SOL",0,1,0,0,0,0,0,0,1,1,11727,"RS"
"VARGEM GRANDE",0,0,0,0,0,0,0,0,0,16,56511,"MA"
"VARJOTA",0,0,0,0,0,0,0,0,0,5,18239,"CE"
"VARRE-SAI",0,0,0,0,0,0,0,0,0,2,10597,"RJ"
"VARZEA ALEGRE",0,0,0,0,0,0,0,0,0,5,40440,"CE"
"VARZEA DA PALMA",0,0,0,0,0,0,0,0,0,2,39128,"MG"
"VARZEA GRANDE",0,0,0,0,0,0,0,0,0,4,4325,"PI"
"VENANCIO AIRES",0,0,0,0,0,0,0,0,0,1,70481,"RS"
"VENDA NOVA DO IMIGRANTE",0,0,0,0,0,0,0,0,0,2,24575,"ES"
"VERA CRUZ",0,0,0,0,0,0,0,0,0,5,12371,"RN"
"VICOSA",0,0,0,0,0,0,0,0,0,9,1731,"RN"
"VICOSA DO CEARA",0,0,0,0,0,0,0,0,0,3,60030,"CE"
"VICTOR GRAEFF",0,0,0,0,0,0,0,0,0,2,3051,"RS"
"VIDAL RAMOS",0,0,0,0,0,0,0,0,0,2,6356,"SC"
"VILA BELA DA SANTISSIMA TRINDADE",0,0,0,0,0,0,0,0,0,2,15534,"MT"
"VITORIA DA CONQUISTA",0,0,0,0,0,0,0,0,0,3,348718,"BA"
"VITORIA DE SANTO ANTAO",0,0,0,0,0,0,0,0,0,2,137578,"PE"
"XANXERE",0,0,0,0,0,0,0,0,0,16,49738,"SC"
"ZE DOCA",0,0,0,0,0,0,0,0,0,9,51084,"MA"
